Workbook
Name _9_8_2009: #REF!
Name _9_8_2009: #REF!
Name _9_8_2009: #REF!
Name _9_8_2009: #REF!
Name _9_8_2009: #REF!
Name _9_8_2009: #REF!
Name _9_8_2009: #REF!
Name AAAAAA: #REF!
Name AAAAAA: #REF!
Name AAAAAA: #REF!
Name AAAAAA: #REF!
Name AAAAAA: #REF!
Name AAAAAA: #REF!
Name AAAAAA: #REF!
Name Ativo: #REF!
Name Ativo: #REF!
Name Ativo: #REF!
Name Ativo: #REF!
Name Ativo: #REF!
Name Ativo: #REF!
Name Ativo: #REF!
Name CIFRAO: '[1]Entrada Dados - Relatório'!$F$7
Name cpRegistro: "Caixa de texto 111"
Name DRE: #REF!
Name DRE: #REF!
Name DRE: #REF!
Name DRE: #REF!
Name DRE: #REF!
Name DRE: #REF!
Name DRE: #REF!
Name fcaixa: #REF!
Name fcaixa: #REF!
Name fcaixa: #REF!
Name fcaixa: #REF!
Name fcaixa: #REF!
Name fcaixa: #REF!
Name fcaixa: #REF!
Name fimtituloverso: '[2]PTP crerscimento'!#REF!
Name fimtituloverso: '[2]PTP crerscimento'!#REF!
Name fimtituloverso: '[2]PTP crerscimento'!#REF!
Name fimtituloverso: '[2]PTP crerscimento'!#REF!
Name fimtituloverso: '[2]PTP crerscimento'!#REF!
Name fimtituloverso: '[2]PTP crerscimento'!#REF!
Name fimtituloverso: '[2]PTP crerscimento'!#REF!
Name fimverso: '[2]PTP crerscimento'!#REF!
Name fimverso: '[2]PTP crerscimento'!#REF!
Name fimverso: '[2]PTP crerscimento'!#REF!
Name fimverso: '[2]PTP crerscimento'!#REF!
Name fimverso: '[2]PTP crerscimento'!#REF!
Name fimverso: '[2]PTP crerscimento'!#REF!
Name fimverso: '[2]PTP crerscimento'!#REF!
Name IND: #REF!
Name IND: #REF!
Name IND: #REF!
Name IND: #REF!
Name IND: #REF!
Name IND: #REF!
Name IND: #REF!
Name initituloverso: '[2]PTP crerscimento'!#REF!
Name initituloverso: '[2]PTP crerscimento'!#REF!

Sheet OvoTotal
J1: AA | K1: BB | L1: CC | M1: DD | N1: EE | O1: FF | P1: GG | Q1: HH | R1: II | S1: JJ | T1: KK | U1: LL | V1: MM | W1: NN | X1: OO | Y1: PP | Z1: QQ | AA1: RR | AB1: SS | AC1: TT | AD1: UU | AE1: VV | AF1: XX | AG1: YY | AH1: ZZ | AI1: WW | AJ1: AAA | AK1: BBB | AL1: CCC | AM1: DDD | AN1: EEE | AX1: 53
B2: Mês | C2: Ovos Totais | F2: Ovos Totais | G2: Caixas | J2: SJ F1 A 221 R | K2: SJ F1 B 321 R | L2: SJ F1 A 222 R | M2: SJ F1 B 322 R | N2: SJ F2 A 421 R | O2: SJ F2 B 521 R | P2: SJ F2 A 422 R | Q2: SJ F2 B 522 R | R2: SJ F3 820 R | S2: AAA 1 001 | T2: SJ F3 821 R | U2: AAA 1 001 | V2: AAA 1 001 | W2: AAA 1 001 | X2: AAA 1 001 | Y2: AAA 1 001 | Z2: AAA 1 001 | AA2: AAA 1 001 | AB2: AAA 1 001 | AC2: AAA 1 001 | AD2: AAA 1 001 | AE2: AAA 1 001 | AF2: AAA 1 001 | AG2: AAA 1 001 | AH2: AAA 1 001 | AI2: AAA 1 001 | AJ2: AAA 1 001 | AK2: AAA 1 001 | AL2: AAA 1 001 | AM2: AAA 1 001 | AN2: AAA 1 001 | AP2: Total
A3: 1 | B3: Jan | C3: 5550957.2 | E3: 1 | F3: 161423.1 | G3: 448.3975 | I3: 44562 | J3: 40099.213 | K3: 40681.698 | L3: 0 | M3: 0 | N3: 26082.563 | O3: 7701.7293 | P3: 0 | Q3: 0 | R3: 46857.895 | T3: 0 | AP3: 161423.1 | AQ3: 1 | AS3: 161423.1 | AV3: 161423.1 | AW3: 1 | AX3: 1 | AY3: 161423.1 | AZ3: 161423.1
A4: 2 | B4: Fev | C4: 4412117.4 | E4: 2 | F4: 1174989.5 | G4: 3263.8598 | I4: 44563 | J4: 40087.16 | K4: 40669.471 | L4: 0 | M4: 0 | N4: 26072.764 | O4: 11290.607 | P4: 0 | Q4: 0 | R4: 46843.81 | T4: 0 | AP4: 164963.81 | AQ4: 1 | AS4: 326386.91 | AV4: 164963.81 | AW4: 2 | AY4: 164963.81
A5: 3 | B5: Mar | C5: 4582222.7 | E5: 3 | F5: 1319634.5 | G5: 3665.6513 | I5: 44564 | J5: 40075.111 | K5: 40155.305 | L5: 0 | M5: 0 | N5: 26062.968 | O5: 11286.195 | P5: 0 | Q5: 0 | R5: 45946.151 | T5: 0 | AP5: 163525.73 | AQ5: 1 | AS5: 489912.64 | AV5: 163525.73 | AW5: 2 | AY5: 328489.54
A6: 4 | B6: Abr | C6: 4137985.5 | E6: 4 | F6: 1399294.7 | G6: 3886.9298 | I6: 44565 | J6: 39562.278 | K6: 40143.236 | L6: 0 | M6: 0 | N6: 26053.176 | O6: 11281.785 | P6: 0 | Q6: 0 | R6: 45932.341 | T6: 0 | AP6: 162972.81 | AQ6: 1 | AS6: 652885.46 | AV6: 162972.81 | AW6: 2 | AY6: 491462.36
A7: 5 | B7: Mai | C7: 4846295.2 | E7: 5 | F7: 1170375.1 | G7: 3251.0419 | I7: 44566 | J7: 39550.386 | K7: 40131.17 | L7: 0 | M7: 0 | N7: 26043.387 | O7: 11277.377 | P7: 0 | Q7: 0 | R7: 45918.535 | T7: 0 | AP7: 162920.85 | AQ7: 1 | AS7: 815806.31 | AV7: 162920.85 | AW7: 2 | AY7: 654383.21
A8: 6 | B8: Jun | C8: 6068106.8 | E8: 6 | F8: 1132243 | G8: 3145.1196 | I8: 44567 | J8: 39538.499 | K8: 40119.108 | L8: 0 | M8: 0 | N8: 36753.321 | O8: 11272.97 | P8: 0 | Q8: 0 | R8: 45904.733 | T8: 0 | AP8: 173588.63 | AQ8: 1 | AS8: 989394.94 | AV8: 173588.63 | AW8: 2 | AY8: 827971.84
A9: 7 | B9: Jul | C9: 5927701.2 | E9: 7 | F9: 1115836 | G9: 3099.5444 | I9: 44568 | J9: 39526.614 | K9: 40107.049 | L9: 0 | M9: 0 | N9: 36742.274 | O9: 11268.566 | P9: 0 | Q9: 0 | R9: 45890.935 | T9: 0 | AP9: 173535.44 | AQ9: 1 | AS9: 1162930.4 | AV9: 173535.44 | AW9: 2 | AY9: 1001507.3
A10: 8 | B10: Ago | C10: 4271495.8 | E10: 8 | F10: 1099492.9 | G10: 3054.1469 | I10: 44569 | J10: 39514.734 | K10: 40094.994 | L10: 0 | M10: 0 | N10: 36731.23 | O10: 11264.163 | P10: 0 | Q10: 0 | R10: 45877.142 | T10: 0 | AP10: 173482.26 | AQ10: 1 | AS10: 1336412.6 | AV10: 173482.26 | AW10: 2 | AX10: 2 | AY10: 1174989.5 | AZ10: 1174989.5
A11: 9 | B11: Set | C11: 3665565.1 | E11: 9 | F11: 1083213.6 | G11: 3008.9266 | I11: 44570 | J11: 39502.857 | K11: 40082.942 | L11: 0 | M11: 0 | N11: 36720.19 | O11: 26102.174 | P11: 0 | Q11: 0 | R11: 45863.352 | T11: 0 | AP11: 188271.51 | AQ11: 1 | AS11: 1524684.2 | AV11: 188271.51 | AW11: 3 | AY11: 188271.51
A12: 10 | B12: Out | C12: 2546050 | E12: 10 | F12: 1066997.9 | G12: 2963.883 | I12: 44571 | J12: 39490.983 | K12: 39570.008 | L12: 0 | M12: 0 | N12: 36709.153 | O12: 26092.367 | P12: 0 | Q12: 0 | R12: 44967.845 | T12: 0 | AP12: 186830.36 | AQ12: 1 | AS12: 1711514.5 | AV12: 186830.36 | AW12: 3 | AY12: 375101.87
A13: 11 | B13: Nov | C13: 2397169.7 | E13: 11 | F13: 1050845.5 | G13: 2919.0154 | I13: 44572 | J13: 38979.378 | K13: 39558.115 | L13: 0 | M13: 0 | N13: 36698.119 | O13: 26082.563 | P13: 0 | Q13: 0 | R13: 44954.329 | T13: 0 | AP13: 186272.5 | AQ13: 1 | AS13: 1897787 | AV13: 186272.5 | AW13: 3 | AY13: 561374.37
A14: 12 | B14: Dez | C14: 4397917.8 | E14: 12 | F14: 1034756.4 | G14: 2874.3233 | I14: 44573 | J14: 38967.662 | K14: 39546.225 | L14: 0 | M14: 0 | N14: 36687.089 | O14: 26072.764 | P14: 0 | Q14: 0 | R14: 44940.817 | T14: 0 | AP14: 186214.56 | AQ14: 1 | AS14: 2084001.6 | AV14: 186214.56 | AW14: 3 | AY14: 747588.93
B15: 2022 | C15: 52803585 | E15: 13 | F15: 1018730.2 | G15: 2829.8062 | I15: 44574 | J15: 38955.949 | K15: 39534.338 | L15: 0 | M15: 0 | N15: 41260.569 | O15: 26062.968 | P15: 0 | Q15: 0 | R15: 44927.309 | T15: 0 | AP15: 190741.13 | AQ15: 1 | AS15: 2274742.7 | AV15: 190741.13 | AW15: 3 | AY15: 938330.06
E16: 14 | F16: 1002766.9 | G16: 2785.4636 | I16: 44575 | J16: 38944.24 | K16: 39522.455 | L16: 0 | M16: 0 | N16: 41248.167 | O16: 26053.176 | P16: 0 | Q16: 0 | R16: 44913.805 | T16: 0 | AP16: 190681.84 | AQ16: 1 | AS16: 2465424.5 | AV16: 190681.84 | AW16: 3 | AY16: 1129011.9
E17: 15 | F17: 986866.18 | G17: 2741.2949 | I17: 44576 | J17: 38932.535 | K17: 39510.576 | L17: 0 | M17: 0 | N17: 41235.769 | O17: 26043.387 | P17: 0 | Q17: 0 | R17: 44900.305 | T17: 0 | AP17: 190622.57 | AQ17: 1 | AS17: 2656047.1 | AV17: 190622.57 | AW17: 3 | AX17: 3 | AY17: 1319634.5 | AZ17: 1319634.5
E18: 16 | F18: 971027.87 | G18: 2697.2996 | I18: 44577 | J18: 38920.833 | K18: 39498.7 | L18: 0 | M18: 0 | N18: 41223.375 | O18: 36753.321 | P18: 0 | Q18: 0 | R18: 44886.809 | T18: 0 | AP18: 201283.04 | AQ18: 1 | AS18: 2857330.2 | AV18: 201283.04 | AW18: 4 | AY18: 201283.04
E19: 17 | F19: 955251.78 | G19: 2653.4772 | I19: 44578 | J19: 38909.134 | K19: 38986.995 | L19: 0 | M19: 0 | N19: 41210.984 | O19: 36742.274 | P19: 0 | Q19: 0 | R19: 43113.58 | T19: 0 | AP19: 198962.97 | AQ19: 1 | AS19: 3056293.1 | AV19: 198962.97 | AW19: 4 | AY19: 400246.01
E20: 18 | F20: 939537.74 | G20: 2609.8271 | I20: 44579 | J20: 38398.754 | K20: 38975.277 | L20: 0 | M20: 0 | N20: 41198.598 | O20: 36731.23 | P20: 0 | Q20: 0 | R20: 43100.621 | T20: 0 | AP20: 198404.48 | AQ20: 1 | AS20: 3254697.6 | AV20: 198404.48 | AW20: 4 | AY20: 598650.48
E21: 19 | F21: 945551.11 | G21: 2626.5309 | I21: 44580 | J21: 38387.213 | K21: 38963.562 | L21: 0 | M21: 0 | N21: 41186.215 | O21: 36720.19 | P21: 0 | Q21: 0 | R21: 43087.666 | T21: 0 | AP21: 198344.84 | AQ21: 1 | AS21: 3453042.4 | AV21: 198344.84 | AW21: 4 | AY21: 796995.33
E22: 20 | F22: 1016270.1 | G22: 2822.9725 | I22: 44581 | J22: 38375.674 | K22: 38951.85 | L22: 0 | M22: 0 | N22: 43715.43 | O22: 36709.153 | P22: 0 | Q22: 0 | R22: 43074.715 | T22: 0 | AP22: 200826.82 | AQ22: 1 | AS22: 3653869.3 | AV22: 200826.82 | AW22: 4 | AY22: 997822.15
E23: 21 | F23: 1050649.2 | G23: 2918.4701 | I23: 44582 | J23: 38364.14 | K23: 38940.143 | L23: 0 | M23: 0 | N23: 43702.29 | O23: 36698.119 | P23: 0 | Q23: 0 | R23: 43061.768 | T23: 0 | AP23: 200766.46 | AQ23: 1 | AS23: 3854635.7 | AV23: 200766.46 | AW23: 4 | AY23: 1198588.6
E24: 22 | F24: 1242316.9 | G24: 3450.8802 | I24: 44583 | J24: 38352.609 | K24: 38928.438 | L24: 0 | M24: 0 | N24: 43689.155 | O24: 36687.089 | P24: 0 | Q24: 0 | R24: 43048.825 | T24: 0 | AP24: 200706.12 | AQ24: 1 | AS24: 4055341.8 | AV24: 200706.12 | AW24: 4 | AX24: 4 | AY24: 1399294.7 | AZ24: 1399294.7
E25: 23 | F25: 1375974.1 | G25: 3822.1503 | I25: 44584 | J25: 38341.081 | K25: 38916.737 | L25: 0 | M25: 0 | N25: 43676.023 | O25: 41260.569 | P25: 0 | Q25: 0 | R25: 43035.886 | T25: 0 | AP25: 205230.3 | AQ25: 1 | AS25: 4260572.1 | AV25: 205230.3 | AW25: 5 | AY25: 205230.3
E26: 24 | F26: 1423672.9 | G26: 3954.6469 | I26: 44585 | J26: 38329.557 | K26: 38406.258 | L26: 0 | M26: 0 | N26: 43662.895 | O26: 41248.167 | P26: 0 | Q26: 0 | T26: 0 | AP26: 161646.88 | AQ26: 1 | AS26: 4422219 | AV26: 161646.88 | AW26: 5 | AY26: 366877.17
E27: 25 | F27: 1442724.8 | G27: 4007.569 | I27: 44586 | J27: 37820.399 | K27: 38394.714 | L27: 0 | M27: 0 | N27: 43649.771 | O27: 41235.769 | P27: 0 | Q27: 0 | T27: 0 | AP27: 161100.65 | AQ27: 1 | AS27: 4583319.7 | AV27: 161100.65 | AW27: 5 | AY27: 527977.83
E28: 26 | F28: 1419119.8 | G28: 3941.9994 | I28: 44587 | J28: 37809.031 | K28: 38383.173 | L28: 0 | M28: 0 | N28: 43636.651 | O28: 41223.375 | P28: 0 | Q28: 0 | T28: 0 | AP28: 161052.23 | AQ28: 1 | AS28: 4744371.9 | AV28: 161052.23 | AW28: 5 | AY28: 689030.06
E29: 27 | F29: 1395607.6 | G29: 3876.6877 | I29: 44588 | J29: 37797.667 | K29: 38371.637 | L29: 0 | M29: 0 | N29: 43116.285 | O29: 41210.984 | P29: 0 | Q29: 0 | T29: 0 | AP29: 160496.57 | AQ29: 1 | AS29: 4904868.5 | AV29: 160496.57 | AW29: 5 | AY29: 849526.63
E30: 28 | F30: 1372187.9 | G30: 3811.6332 | I30: 44589 | J30: 37786.306 | K30: 38360.103 | L30: 0 | M30: 0 | N30: 43103.326 | O30: 41198.598 | P30: 0 | Q30: 0 | T30: 0 | AP30: 160448.33 | AQ30: 1 | AS30: 5065316.8 | AV30: 160448.33 | AW30: 5 | AY30: 1009975
E31: 29 | F31: 1348860.6 | G31: 3746.835 | I31: 44590 | J31: 37774.949 | K31: 38348.573 | L31: 0 | M31: 0 | N31: 43090.37 | O31: 41186.215 | P31: 0 | Q31: 0 | T31: 0 | AP31: 160400.11 | AQ31: 1 | AS31: 5225716.9 | AV31: 160400.11 | AW31: 5 | AX31: 5 | AY31: 1170375.1 | AZ31: 1170375.1
E32: 30 | F32: 1325625.3 | G32: 3682.2925 | I32: 44591 | J32: 37763.595 | K32: 38337.047 | L32: 0 | M32: 0 | N32: 43077.418 | O32: 43715.43 | P32: 0 | Q32: 0 | T32: 0 | AP32: 162893.49 | AQ32: 1 | AS32: 5388610.4 | AV32: 162893.49 | AW32: 6 | AY32: 162893.49
E33: 31 | F33: 1300127.4 | G33: 3611.465 | I33: 44592 | J33: 37752.244 | K33: 37827.79 | L33: 0 | M33: 0 | N33: 43064.47 | O33: 43702.29 | P33: 0 | Q33: 0 | T33: 0 | AP33: 162346.79 | AQ33: 1 | AR33: 1 | AS33: 5550957.2 | AT33: 5550957.2 | AV33: 162346.79 | AW33: 6 | AY33: 325240.28
E34: 32 | F34: 1160545.8 | G34: 3223.7382 | I34: 44593 | J34: 37244.306 | K34: 37816.42 | L34: 0 | M34: 0 | N34: 43051.526 | O34: 43689.155 | P34: 0 | Q34: 0 | T34: 0 | AP34: 161801.41 | AQ34: 2 | AS34: 161801.41 | AV34: 161801.41 | AW34: 6 | AY34: 487041.69
E35: 33 | F35: 959320.52 | G35: 2664.7792 | I35: 44594 | J35: 37233.111 | K35: 37805.053 | L35: 0 | M35: 0 | N35: 43038.586 | O35: 43676.023 | P35: 0 | Q35: 0 | T35: 0 | AP35: 161752.77 | AQ35: 2 | AS35: 323554.18 | AV35: 161752.77 | AW35: 6 | AY35: 648794.46
E36: 34 | F36: 920633.73 | G36: 2557.3159 | I36: 44595 | J36: 37221.92 | K36: 37793.69 | L36: 0 | M36: 0 | N36: 42519.466 | O36: 43662.895 | P36: 0 | Q36: 0 | T36: 0 | AP36: 161197.97 | AQ36: 2 | AS36: 484752.15 | AV36: 161197.97 | AW36: 6 | AY36: 809992.44
E37: 35 | F37: 905057.37 | G37: 2514.0482 | I37: 44596 | J37: 37210.732 | K37: 37782.33 | L37: 0 | M37: 0 | N37: 42506.686 | O37: 43649.771 | P37: 0 | Q37: 0 | T37: 0 | AP37: 161149.52 | AQ37: 2 | AS37: 645901.67 | AV37: 161149.52 | AW37: 6 | AY37: 971141.96
E38: 36 | F38: 889542.43 | G38: 2470.9512 | I38: 44597 | J38: 37199.548 | K38: 37770.974 | L38: 0 | M38: 0 | N38: 42493.91 | O38: 43636.651 | P38: 0 | Q38: 0 | T38: 0 | AP38: 161101.08 | AQ38: 2 | AS38: 807002.76 | AV38: 161101.08 | AW38: 6 | AX38: 6 | AY38: 1132243 | AZ38: 1132243
E39: 37 | F39: 874088.72 | G39: 2428.0242 | I39: 44598 | J39: 37188.367 | K39: 37759.621 | L39: 0 | M39: 0 | N39: 42481.137 | O39: 43116.285 | P39: 0 | Q39: 0 | T39: 0 | AP39: 160545.41 | AQ39: 2 | AS39: 967548.17 | AV39: 160545.41 | AW39: 7 | AY39: 160545.41
E40: 38 | F40: 858696.04 | G40: 2385.2668 | I40: 44599 | J40: 37177.189 | K40: 37251.584 | L40: 0 | M40: 0 | N40: 42468.369 | O40: 43103.326 | P40: 0 | Q40: 0 | T40: 0 | AP40: 160000.47 | AQ40: 2 | AS40: 1127548.6 | AV40: 160000.47 | AW40: 7 | AY40: 320545.88
E41: 39 | F41: 843364.22 | G41: 2342.6784 | I41: 44600 | J41: 36670.468 | K41: 37240.387 | L41: 0 | M41: 0 | N41: 42455.604 | O41: 43090.37 | P41: 0 | Q41: 0 | T41: 0 | AP41: 159456.83 | AQ41: 2 | AS41: 1287005.5 | AV41: 159456.83 | AW41: 7 | AY41: 480002.71
E42: 40 | F42: 826679.79 | G42: 2296.3328 | I42: 44601 | J42: 36659.446 | K42: 37229.194 | L42: 0 | M42: 0 | N42: 42442.843 | O42: 43077.418 | P42: 0 | Q42: 0 | T42: 0 | AP42: 159408.9 | AQ42: 2 | AS42: 1446414.4 | AV42: 159408.9 | AW42: 7 | AY42: 639411.61
E43: 41 | F43: 741895.07 | G43: 2060.8196 | I43: 44602 | J43: 36648.427 | K43: 37218.004 | L43: 0 | M43: 0 | N43: 41924.966 | O43: 43064.47 | P43: 0 | Q43: 0 | T43: 0 | AP43: 158855.87 | AQ43: 2 | AS43: 1605270.2 | AV43: 158855.87 | AW43: 7 | AY43: 798267.47
E44: 42 | F44: 634840.99 | G44: 1763.4472 | I44: 44603 | J44: 36637.411 | K44: 37206.817 | L44: 0 | M44: 0 | N44: 41912.364 | O44: 43051.526 | P44: 0 | Q44: 0 | T44: 0 | AP44: 158808.12 | AQ44: 2 | AS44: 1764078.3 | AV44: 158808.12 | AW44: 7 | AY44: 957075.59
E45: 43 | F45: 465512.76 | G45: 1293.091 | I45: 44604 | J45: 36626.399 | K45: 37195.634 | L45: 0 | M45: 0 | N45: 41899.767 | O45: 43038.586 | P45: 0 | Q45: 0 | T45: 0 | AP45: 158760.39 | AQ45: 2 | AS45: 1922838.7 | AV45: 158760.39 | AW45: 7 | AX45: 7 | AY45: 1115836 | AZ45: 1115836
E46: 44 | F46: 457702.82 | G46: 1271.3967 | I46: 44605 | J46: 36615.39 | K46: 37184.454 | L46: 0 | M46: 0 | N46: 41887.173 | O46: 42519.466 | P46: 0 | Q46: 0 | T46: 0 | AP46: 158206.48 | AQ46: 2 | AS46: 2081045.2 | AV46: 158206.48 | AW46: 8 | AY46: 158206.48
E47: 45 | F47: 456118.14 | G47: 1266.9948 | I47: 44606 | J47: 36604.385 | K47: 36677.634 | L47: 0 | M47: 0 | N47: 41874.583 | O47: 42506.686 | P47: 0 | Q47: 0 | T47: 0 | AP47: 157663.29 | AQ47: 2 | AS47: 2238708.5 | AV47: 157663.29 | AW47: 8 | AY47: 315869.77
E48: 46 | F48: 483879.55 | G48: 1344.1099 | I48: 44607 | J48: 36098.877 | K48: 36666.609 | L48: 0 | M48: 0 | N48: 41861.996 | O48: 42493.91 | P48: 0 | Q48: 0 | T48: 0 | AP48: 157121.39 | AQ48: 2 | AS48: 2395829.9 | AV48: 157121.39 | AW48: 8 | AY48: 472991.16
E49: 47 | F49: 538219.09 | G49: 1495.053 | I49: 44608 | J49: 36088.027 | K49: 36655.588 | L49: 0 | M49: 0 | N49: 41849.414 | O49: 42481.137 | P49: 0 | Q49: 0 | T49: 0 | AP49: 157074.17 | AQ49: 2 | AS49: 2552904.1 | AV49: 157074.17 | AW49: 8 | AY49: 630065.33
E50: 48 | F50: 633177.37 | G50: 1758.826 | I50: 44609 | J50: 36077.18 | K50: 36644.571 | L50: 0 | M50: 0 | N50: 41332.777 | O50: 42468.369 | P50: 0 | Q50: 0 | T50: 0 | AP50: 156522.9 | AQ50: 2 | AS50: 2709427 | AV50: 156522.9 | AW50: 8 | AY50: 786588.23
E51: 49 | F51: 782374.99 | G51: 2173.2639 | I51: 44610 | J51: 36066.336 | K51: 36633.556 | L51: 0 | M51: 0 | N51: 41320.353 | O51: 42455.604 | P51: 0 | Q51: 0 | T51: 0 | AP51: 156475.85 | AQ51: 2 | AS51: 2865902.8 | AV51: 156475.85 | AW51: 8 | AY51: 943064.08
E52: 50 | F52: 911654.97 | G52: 2532.3749 | I52: 44611 | J52: 36055.496 | K52: 36622.545 | L52: 0 | M52: 0 | N52: 41307.934 | O52: 42442.843 | P52: 0 | Q52: 0 | T52: 0 | AP52: 156428.82 | AQ52: 2 | AS52: 3022331.6 | AV52: 156428.82 | AW52: 8 | AX52: 8 | AY52: 1099492.9 | AZ52: 1099492.9
E53: 51 | F53: 983525.13 | G53: 2732.0143 | I53: 44612 | J53: 36044.659 | K53: 36611.538 | L53: 0 | M53: 0 | N53: 41295.518 | O53: 41924.966 | P53: 0 | Q53: 0 | T53: 0 | AP53: 155876.68 | AQ53: 2 | AS53: 3178208.3 | AV53: 155876.68 | AW53: 9 | AY53: 155876.68
E54: 52 | F54: 1039743.1 | G54: 2888.1754 | I54: 44613 | J54: 36033.825 | K54: 36105.932 | L54: 0 | M54: 0 | N54: 41283.105 | O54: 41912.364 | P54: 0 | Q54: 0 | T54: 0 | AP54: 155335.23 | AQ54: 2 | AS54: 3333543.5 | AV54: 155335.23 | AW54: 9 | AY54: 311211.91
E55: 53 | F55: 1095041.3 | G55: 3041.7814 | I55: 44614 | J55: 35529.528 | K55: 36095.079 | L55: 0 | M55: 0 | N55: 41270.697 | O55: 41899.767 | P55: 0 | Q55: 0 | T55: 0 | AP55: 154795.07 | AQ55: 2 | AS55: 3488338.6 | AV55: 154795.07 | AW55: 9 | AY55: 466006.98
I56: 44615 | J56: 35518.849 | K56: 36084.23 | L56: 0 | M56: 0 | N56: 41258.292 | O56: 41887.173 | P56: 0 | Q56: 0 | T56: 0 | AP56: 154748.54 | AQ56: 2 | AS56: 3643087.1 | AV56: 154748.54 | AW56: 9 | AY56: 620755.52
E57: 2022 | F57: 52803585 | G57: 146676.62 | I57: 44616 | J57: 35508.173 | K57: 36073.384 | L57: 0 | M57: 0 | N57: 40742.892 | O57: 41874.583 | P57: 0 | Q57: 0 | T57: 0 | AP57: 154199.03 | AQ57: 2 | AS57: 3797286.2 | AV57: 154199.03 | AW57: 9 | AY57: 774954.55
I58: 44617 | J58: 35497.5 | K58: 36062.541 | L58: 0 | M58: 0 | N58: 40730.646 | O58: 41861.996 | P58: 0 | Q58: 0 | T58: 0 | AP58: 154152.68 | AQ58: 2 | AS58: 3951438.9 | AV58: 154152.68 | AW58: 9 | AY58: 929107.24
B59: Mês | C59: Ovos Totais | F59: Ovos Totais | G59: Caixas | I59: 44618 | J59: 35486.831 | K59: 36051.702 | L59: 0 | M59: 0 | N59: 40718.404 | O59: 41849.414 | P59: 0 | Q59: 0 | T59: 0 | AP59: 154106.35 | AQ59: 2 | AS59: 4105545.2 | AV59: 154106.35 | AW59: 9 | AX59: 9 | AY59: 1083213.6 | AZ59: 1083213.6
A60: 1 | B60: Jan | C60: 6098129.8 | E60: 1 | F60: 1181835 | G60: 3282.8749 | I60: 44619 | J60: 35476.164 | K60: 36040.866 | L60: 0 | M60: 0 | N60: 40706.165 | O60: 41332.777 | P60: 0 | Q60: 0 | T60: 0 | AP60: 153555.97 | AQ60: 2 | AS60: 4259101.2 | AV60: 153555.97 | AW60: 10 | AY60: 153555.97
A61: 2 | B61: Fev | C61: 5765272.3 | E61: 2 | F61: 1322899.8 | G61: 3674.7217 | I61: 44620 | J61: 35465.501 | K61: 35536.471 | L61: 0 | M61: 0 | N61: 40693.93 | O61: 41320.353 | P61: 0 | Q61: 0 | T61: 0 | AP61: 153016.26 | AQ61: 2 | AR61: 2 | AS61: 4412117.4 | AT61: 4412117.4 | AV61: 153016.26 | AW61: 10 | AY61: 306572.23
A62: 3 | B62: Mar | C62: 4742520.8 | E62: 3 | F62: 1444078.8 | G62: 4011.33 | I62: 44621 | J62: 34962.413 | K62: 35525.79 | L62: 0 | M62: 0 | N62: 40681.698 | O62: 41307.934 | P62: 0 | Q62: 0 | T62: 0 | AP62: 152477.83 | AQ62: 3 | AS62: 152477.83 | AV62: 152477.83 | AW62: 10 | AY62: 459050.06
A63: 4 | B63: Abr | C63: 4291491.1 | E63: 4 | F63: 1501685.1 | G63: 4171.3475 | I63: 44622 | J63: 34951.904 | K63: 35515.112 | L63: 0 | M63: 0 | N63: 40669.471 | O63: 41295.518 | P63: 0 | Q63: 0 | T63: 0 | AP63: 152432 | AQ63: 3 | AS63: 304909.84 | AV63: 152432 | AW63: 10 | AY63: 611482.07
A64: 5 | B64: Mai | C64: 4130111.3 | E64: 5 | F64: 1514355.5 | G64: 4206.543 | I64: 44623 | J64: 34941.399 | K64: 35504.437 | L64: 0 | M64: 0 | N64: 40155.305 | O64: 41283.105 | P64: 0 | Q64: 0 | T64: 0 | AP64: 151884.25 | AQ64: 3 | AS64: 456794.09 | AV64: 151884.25 | AW64: 10 | AY64: 763366.31
A65: 6 | B65: Jun | C65: 3705643.7 | E65: 6 | F65: 1499589.9 | G65: 4165.5276 | I65: 44624 | J65: 34930.896 | K65: 35493.765 | L65: 0 | M65: 0 | N65: 40143.236 | O65: 41270.697 | P65: 0 | Q65: 0 | T65: 0 | AP65: 151838.59 | AQ65: 3 | AS65: 608632.68 | AV65: 151838.59 | AW65: 10 | AY65: 915204.91
A66: 7 | B66: Jul | C66: 3536468.5 | E66: 7 | F66: 1475763 | G66: 4099.3416 | I66: 44625 | J66: 34920.397 | K66: 35483.097 | L66: 0 | M66: 0 | N66: 40131.17 | O66: 41258.292 | P66: 0 | Q66: 0 | T66: 0 | AP66: 151792.96 | AQ66: 3 | AS66: 760425.64 | AV66: 151792.96 | AW66: 10 | AX66: 10 | AY66: 1066997.9 | AZ66: 1066997.9
A67: 8 | B67: Ago | C67: 3235883.8 | E67: 8 | F67: 1445438.3 | G67: 4015.1063 | I67: 44626 | J67: 34909.901 | K67: 35472.432 | L67: 0 | M67: 0 | N67: 40119.108 | O67: 40742.892 | P67: 0 | Q67: 0 | T67: 0 | AP67: 151244.33 | AQ67: 3 | AS67: 911669.97 | AV67: 151244.33 | AW67: 11 | AY67: 151244.33
A68: 9 | B68: Set | C68: 2516803 | E68: 9 | F68: 1106093.5 | G68: 3072.4821 | I68: 44627 | J68: 34899.408 | K68: 34969.245 | L68: 0 | M68: 0 | N68: 40107.049 | O68: 40730.646 | P68: 0 | Q68: 0 | T68: 0 | AP68: 150706.35 | AQ68: 3 | AS68: 1062376.3 | AV68: 150706.35 | AW68: 11 | AY68: 301950.68
A69: 10 | B69: Out | C69: 637261.31 | E69: 10 | F69: 1089787.5 | G69: 3027.1876 | I69: 44628 | J69: 34397.525 | K69: 34958.734 | L69: 0 | M69: 0 | N69: 40094.994 | O69: 40718.404 | P69: 0 | Q69: 0 | T69: 0 | AP69: 150169.66 | AQ69: 3 | AS69: 1212546 | AV69: 150169.66 | AW69: 11 | AY69: 452120.34
A70: 11 | B70: Nov | C70: 0 | E70: 11 | F70: 1073545.2 | G70: 2982.0699 | I70: 44629 | J70: 34387.186 | K70: 34948.227 | L70: 0 | M70: 0 | N70: 40082.942 | O70: 40706.165 | P70: 0 | Q70: 0 | T70: 0 | AP70: 150124.52 | AQ70: 3 | AS70: 1362670.5 | AV70: 150124.52 | AW70: 11 | AY70: 602244.86
A71: 12 | B71: Dez | C71: 0 | E71: 12 | F71: 1057366.3 | G71: 2937.1285 | I71: 44630 | J71: 34376.851 | K71: 34937.722 | L71: 0 | M71: 0 | N71: 39570.008 | O71: 40693.93 | P71: 0 | Q71: 0 | T71: 0 | AP71: 149578.51 | AQ71: 3 | AS71: 1512249 | AV71: 149578.51 | AW71: 11 | AY71: 751823.37
B72: 2023 | C72: 38659586 | E72: 13 | F72: 1041250.7 | G72: 2892.3629 | I72: 44631 | J72: 34366.518 | K72: 34927.221 | L72: 0 | M72: 0 | N72: 39558.115 | O72: 40681.698 | P72: 0 | Q72: 0 | T72: 0 | AP72: 149533.55 | AQ72: 3 | AS72: 1661782.6 | AV72: 149533.55 | AW72: 11 | AY72: 901356.92
E73: 14 | F73: 1025198.1 | G73: 2847.7726 | I73: 44632 | J73: 34356.188 | K73: 34916.723 | L73: 0 | M73: 0 | N73: 39546.225 | O73: 40669.471 | P73: 0 | Q73: 0 | T73: 0 | AP73: 149488.61 | AQ73: 3 | AS73: 1811271.2 | AV73: 149488.61 | AW73: 11 | AX73: 11 | AY73: 1050845.5 | AZ73: 1050845.5
E74: 15 | F74: 1009208.5 | G74: 2803.3569 | I74: 44633 | J74: 34345.862 | K74: 34906.228 | L74: 0 | M74: 0 | N74: 39534.338 | O74: 40155.305 | P74: 0 | Q74: 0 | T74: 0 | AP74: 148941.73 | AQ74: 3 | AS74: 1960212.9 | AV74: 148941.73 | AW74: 12 | AY74: 148941.73
E75: 16 | F75: 993281.53 | G75: 2759.1154 | I75: 44634 | J75: 34335.538 | K75: 34404.247 | L75: 0 | M75: 0 | N75: 39522.455 | O75: 40143.236 | P75: 0 | Q75: 0 | T75: 0 | AP75: 148405.48 | AQ75: 3 | AS75: 2108618.4 | AV75: 148405.48 | AW75: 12 | AY75: 297347.21
E76: 17 | F76: 977417.07 | G76: 2715.0474 | I76: 44635 | J76: 33834.858 | K76: 34393.906 | L76: 0 | M76: 0 | N76: 39510.576 | O76: 40131.17 | P76: 0 | Q76: 0 | T76: 0 | AP76: 147870.51 | AQ76: 3 | AS76: 2256488.9 | AV76: 147870.51 | AW76: 12 | AY76: 445217.72
E77: 18 | F77: 961614.93 | G77: 2671.1526 | I77: 44636 | J77: 33824.688 | K77: 34383.568 | L77: 0 | M77: 0 | N77: 39498.7 | O77: 40119.108 | P77: 0 | Q77: 0 | T77: 0 | AP77: 147826.06 | AQ77: 3 | AS77: 2404314.9 | AV77: 147826.06 | AW77: 12 | AY77: 593043.78
E78: 19 | F78: 945874.91 | G78: 2627.4303 | I78: 44637 | J78: 33814.521 | K78: 34373.233 | L78: 0 | M78: 0 | N78: 38986.995 | O78: 40107.049 | P78: 0 | Q78: 0 | T78: 0 | AP78: 147281.8 | AQ78: 3 | AS78: 2551596.7 | AV78: 147281.8 | AW78: 12 | AY78: 740325.58
E79: 20 | F79: 930196.8 | G79: 2583.88 | I79: 44638 | J79: 33804.358 | K79: 34362.902 | L79: 0 | M79: 0 | N79: 38975.277 | O79: 40094.994 | P79: 0 | Q79: 0 | T79: 0 | AP79: 147237.53 | AQ79: 3 | AS79: 2698834.3 | AV79: 147237.53 | AW79: 12 | AY79: 887563.11
E80: 21 | F80: 914580.44 | G80: 2540.5012 | I80: 44639 | J80: 33794.197 | K80: 34352.573 | L80: 0 | M80: 0 | N80: 38963.562 | O80: 40082.942 | P80: 0 | Q80: 0 | T80: 0 | AP80: 147193.27 | AQ80: 3 | AS80: 2846027.6 | AV80: 147193.27 | AW80: 12 | AX80: 12 | AY80: 1034756.4 | AZ80: 1034756.4
E81: 22 | F81: 899025.61 | G81: 2497.2934 | I81: 44640 | J81: 33784.039 | K81: 34342.248 | L81: 0 | M81: 0 | N81: 38951.85 | O81: 39570.008 | P81: 0 | Q81: 0 | T81: 0 | AP81: 146648.15 | AQ81: 3 | AS81: 2992675.7 | AV81: 146648.15 | AW81: 13 | AY81: 146648.15
E82: 23 | F82: 883532.14 | G82: 2454.256 | I82: 44641 | J82: 33773.885 | K82: 33841.469 | L82: 0 | M82: 0 | N82: 38940.143 | O82: 39558.115 | P82: 0 | Q82: 0 | T82: 0 | AP82: 146113.61 | AQ82: 3 | AS82: 3138789.3 | AV82: 146113.61 | AW82: 13 | AY82: 292761.76
E83: 24 | F83: 868099.84 | G83: 2411.3884 | I83: 44642 | J83: 33274.404 | K83: 33831.298 | L83: 0 | M83: 0 | N83: 38928.438 | O83: 39546.225 | P83: 0 | Q83: 0 | T83: 0 | AP83: 145580.36 | AQ83: 3 | AS83: 3284369.7 | AV83: 145580.36 | AW83: 13 | AY83: 438342.12
E84: 25 | F84: 852728.51 | G84: 2368.6903 | I84: 44643 | J84: 33264.403 | K84: 33821.129 | L84: 0 | M84: 0 | N84: 38916.737 | O84: 39534.338 | P84: 0 | Q84: 0 | T84: 0 | AP84: 145536.61 | AQ84: 3 | AS84: 3429906.3 | AV84: 145536.61 | AW84: 13 | AY84: 583878.73
E85: 26 | F85: 837417.98 | G85: 2326.161 | I85: 44644 | J85: 33254.404 | K85: 33810.963 | L85: 0 | M85: 0 | N85: 38406.258 | O85: 39522.455 | P85: 0 | Q85: 0 | T85: 0 | AP85: 144994.08 | AQ85: 3 | AS85: 3574900.4 | AV85: 144994.08 | AW85: 13 | AY85: 728872.81
E86: 27 | F86: 822168.04 | G86: 2283.8001 | I86: 44645 | J86: 33244.409 | K86: 33800.801 | L86: 0 | M86: 0 | N86: 38394.714 | O86: 39510.576 | P86: 0 | Q86: 0 | T86: 0 | AP86: 144950.5 | AQ86: 3 | AS86: 3719850.9 | AV86: 144950.5 | AW86: 13 | AY86: 873823.31
E87: 28 | F87: 806978.51 | G87: 2241.607 | I87: 44646 | J87: 33234.417 | K87: 33790.641 | L87: 0 | M87: 0 | N87: 38383.173 | O87: 39498.7 | P87: 0 | Q87: 0 | T87: 0 | AP87: 144906.93 | AQ87: 3 | AS87: 3864757.8 | AV87: 144906.93 | AW87: 13 | AX87: 13 | AY87: 1018730.2 | AZ87: 1018730.2
E88: 29 | F88: 791849.21 | G88: 2199.5811 | I88: 44647 | J88: 33224.427 | K88: 33780.485 | L88: 0 | M88: 0 | N88: 38371.637 | O88: 38986.995 | P88: 0 | Q88: 0 | T88: 0 | AP88: 144363.54 | AQ88: 3 | AS88: 4009121.3 | AV88: 144363.54 | AW88: 14 | AY88: 144363.54
E89: 30 | F89: 776779.96 | G89: 2157.7221 | I89: 44648 | J89: 33214.441 | K89: 33280.906 | L89: 0 | M89: 0 | N89: 38360.103 | O89: 38975.277 | P89: 0 | Q89: 0 | T89: 0 | AP89: 143830.73 | AQ89: 3 | AS89: 4152952.1 | AV89: 143830.73 | AW89: 14 | AY89: 288194.27
E90: 31 | F90: 761770.55 | G90: 2116.0293 | I90: 44649 | J90: 32716.157 | K90: 33270.903 | L90: 0 | M90: 0 | N90: 38348.573 | O90: 38963.562 | P90: 0 | Q90: 0 | T90: 0 | AP90: 143299.19 | AQ90: 3 | AS90: 4296251.3 | AV90: 143299.19 | AW90: 14 | AY90: 431493.46
E91: 32 | F91: 746820.82 | G91: 2074.5023 | I91: 44650 | J91: 32706.323 | K91: 33260.903 | L91: 0 | M91: 0 | N91: 38337.047 | O91: 38951.85 | P91: 0 | Q91: 0 | T91: 0 | AP91: 143256.12 | AQ91: 3 | AS91: 4439507.4 | AV91: 143256.12 | AW91: 14 | AY91: 574749.59
E92: 33 | F92: 731930.58 | G92: 2033.1405 | I92: 44651 | J92: 32696.493 | K92: 33250.905 | L92: 0 | M92: 0 | N92: 37827.79 | O92: 38940.143 | P92: 0 | Q92: 0 | T92: 0 | AP92: 142715.33 | AQ92: 3 | AR92: 3 | AS92: 4582222.7 | AT92: 4582222.7 | AV92: 142715.33 | AW92: 14 | AY92: 717464.92
E93: 34 | F93: 715215.55 | G93: 1986.7099 | I93: 44652 | J93: 32686.665 | K93: 33240.911 | L93: 0 | M93: 0 | N93: 37816.42 | O93: 38928.438 | P93: 0 | Q93: 0 | T93: 0 | AP93: 142672.43 | AQ93: 4 | AS93: 142672.43 | AV93: 142672.43 | AW93: 14 | AY93: 860137.35
E94: 35 | F94: 697152.02 | G94: 1936.5334 | I94: 44653 | J94: 32676.84 | K94: 33230.92 | L94: 0 | M94: 0 | N94: 37805.053 | O94: 38916.737 | P94: 0 | Q94: 0 | T94: 0 | AP94: 142629.55 | AQ94: 4 | AS94: 285301.98 | AV94: 142629.55 | AW94: 14 | AX94: 14 | AY94: 1002766.9 | AZ94: 1002766.9
E95: 36 | F95: 681038.43 | G95: 1891.7734 | I95: 44654 | J95: 32667.019 | K95: 33220.931 | L95: 0 | M95: 0 | N95: 37793.69 | O95: 38406.258 | P95: 0 | Q95: 0 | T95: 0 | AP95: 142087.9 | AQ95: 4 | AS95: 427389.88 | AV95: 142087.9 | AW95: 15 | AY95: 142087.9
E96: 37 | F96: 666398.12 | G96: 1851.1059 | I96: 44655 | J96: 32657.2 | K96: 32722.55 | L96: 0 | M96: 0 | N96: 37782.33 | O96: 38394.714 | P96: 0 | Q96: 0 | T96: 0 | AP96: 141556.79 | AQ96: 4 | AS96: 568946.68 | AV96: 141556.79 | AW96: 15 | AY96: 283644.69
E97: 38 | F97: 565693.87 | G97: 1571.3719 | I97: 44656 | J97: 32160.11 | K97: 32712.714 | L97: 0 | M97: 0 | N97: 37770.974 | O97: 38383.173 | P97: 0 | Q97: 0 | T97: 0 | AP97: 141026.97 | AQ97: 4 | AS97: 709973.65 | AV97: 141026.97 | AW97: 15 | AY97: 424671.66
E98: 39 | F98: 406663.81 | G98: 1129.6217 | I98: 44657 | J98: 32150.443 | K98: 32702.882 | L98: 0 | M98: 0 | N98: 37759.621 | O98: 38371.637 | P98: 0 | Q98: 0 | T98: 0 | AP98: 140984.58 | AQ98: 4 | AS98: 850958.23 | AV98: 140984.58 | AW98: 15 | AY98: 565656.25
E99: 40 | F99: 334464.52 | G99: 929.06812 | I99: 44658 | J99: 32140.78 | K99: 32693.052 | L99: 0 | M99: 0 | N99: 37251.584 | O99: 38360.103 | P99: 0 | Q99: 0 | T99: 0 | AP99: 140445.52 | AQ99: 4 | AS99: 991403.75 | AV99: 140445.52 | AW99: 15 | AY99: 706101.77
E100: 41 | F100: 233629.51 | G100: 648.97085 | I100: 44659 | J100: 32131.119 | K100: 32683.226 | L100: 0 | M100: 0 | N100: 37240.387 | O100: 38348.573 | P100: 0 | Q100: 0 | T100: 0 | AP100: 140403.31 | AQ100: 4 | AS100: 1131807.1 | AV100: 140403.31 | AW100: 15 | AY100: 846505.07
...

Sheet Aprov
J1: AA | K1: BB | L1: CC | M1: DD | N1: EE | O1: FF | P1: GG | Q1: HH | R1: II | S1: JJ | T1: KK | U1: LL | V1: MM | W1: NN | X1: OO | Y1: PP | Z1: QQ | AA1: RR | AB1: SS | AC1: TT | AD1: UU | AE1: VV | AF1: XX | AG1: YY | AH1: ZZ | AI1: WW | AJ1: AAA | AK1: BBB | AL1: CCC | AM1: DDD | AN1: EEE | AX1: 53
B2: Mês | C2: Aproveitamento | F2: Caixas | G2: Caixas | J2: SJ F1 A 221 R | K2: SJ F1 B 321 R | L2: SJ F1 A 222 R | M2: SJ F1 B 322 R | N2: SJ F2 A 421 R | O2: SJ F2 B 521 R | P2: SJ F2 A 422 R | Q2: SJ F2 B 522 R | R2: SJ F3 820 R | S2: AAA 1 001 | T2: SJ F3 821 R | U2: AAA 1 001 | V2: AAA 1 001 | W2: AAA 1 001 | X2: AAA 1 001 | Y2: AAA 1 001 | Z2: AAA 1 001 | AA2: AAA 1 001 | AB2: AAA 1 001 | AC2: AAA 1 001 | AD2: AAA 1 001 | AE2: AAA 1 001 | AF2: AAA 1 001 | AG2: AAA 1 001 | AH2: AAA 1 001 | AI2: AAA 1 001 | AJ2: AAA 1 001 | AK2: AAA 1 001 | AL2: AAA 1 001 | AM2: AAA 1 001 | AN2: AAA 1 001
A3: 1 | B3: Jan | C3: 5397024.6 | E3: 1 | F3: 153636.62 | G3: 426.7684 | I3: 44562 | J3: 39928.763 | K3: 40508.772 | L3: 0 | M3: 0 | N3: 22758.701 | O3: 4743.7061 | P3: 0 | Q3: 0 | R3: 45696.68 | T3: 0 | AP3: 153636.62 | AQ3: 1 | AS3: 153636.62 | AV3: 153636.62 | AW3: 1 | AX3: 1 | AY3: 153636.62 | AZ3: 153636.62
A4: 2 | B4: Fev | C4: 4379396.8 | E4: 2 | F4: 1128840.7 | G4: 3135.6686 | I4: 44563 | J4: 39916.762 | K4: 40496.597 | L4: 0 | M4: 0 | N4: 22750.15 | O4: 9272.259 | P4: 0 | Q4: 0 | R4: 45682.945 | T4: 0 | AP4: 158118.71 | AQ4: 1 | AS4: 311755.34 | AV4: 158118.71 | AW4: 2 | AY4: 158118.71
A5: 3 | B5: Mar | C5: 4551861.3 | E5: 3 | F5: 1271975.3 | G5: 3533.2648 | I5: 44564 | J5: 39904.764 | K5: 39984.617 | L5: 0 | M5: 0 | N5: 22741.603 | O5: 9268.6359 | P5: 0 | Q5: 0 | R5: 44807.531 | T5: 0 | AP5: 156707.15 | AQ5: 1 | AS5: 468462.49 | AV5: 156707.15 | AW5: 2 | AY5: 314825.86
A6: 4 | B6: Abr | C6: 4106131.3 | E6: 4 | F6: 1363917.9 | G6: 3788.6608 | I6: 44565 | J6: 39394.11 | K6: 39972.599 | L6: 0 | M6: 0 | N6: 22733.058 | O6: 9265.0142 | P6: 0 | Q6: 0 | R6: 44794.063 | T6: 0 | AP6: 156158.84 | AQ6: 1 | AS6: 624621.33 | AV6: 156158.84 | AW6: 2 | AY6: 470984.71
A7: 5 | B7: Mai | C7: 4650834 | E7: 5 | F7: 1156135.8 | G7: 3211.4883 | I7: 44566 | J7: 39382.269 | K7: 39960.584 | L7: 0 | M7: 0 | N7: 22724.517 | O7: 9261.394 | P7: 0 | Q7: 0 | R7: 44780.599 | T7: 0 | AP7: 156109.36 | AQ7: 1 | AS7: 780730.69 | AV7: 156109.36 | AW7: 2 | AY7: 627094.07
A8: 6 | B8: Jun | C8: 5959727.2 | E8: 6 | F8: 1122753.2 | G8: 3118.7588 | I8: 44567 | J8: 39370.432 | K8: 39948.573 | L8: 0 | M8: 0 | N8: 33956.066 | O8: 9257.7752 | P8: 0 | Q8: 0 | R8: 44767.139 | T8: 0 | AP8: 167299.99 | AQ8: 1 | AS8: 948030.68 | AV8: 167299.99 | AW8: 2 | AY8: 794394.06
A9: 7 | B9: Jul | C9: 5858924.5 | E9: 7 | F9: 1107732.8 | G9: 3077.0357 | I9: 44568 | J9: 39358.598 | K9: 39936.566 | L9: 0 | M9: 0 | N9: 33945.86 | O9: 9254.1578 | P9: 0 | Q9: 0 | R9: 44753.684 | T9: 0 | AP9: 167248.87 | AQ9: 1 | AS9: 1115279.5 | AV9: 167248.87 | AW9: 2 | AY9: 961642.92
A10: 8 | B10: Ago | C10: 4223257.3 | E10: 8 | F10: 1090862.6 | G10: 3030.1738 | I10: 44569 | J10: 39346.768 | K10: 39924.562 | L10: 0 | M10: 0 | N10: 33935.656 | O10: 9250.5418 | P10: 0 | Q10: 0 | R10: 44740.232 | T10: 0 | AP10: 167197.76 | AQ10: 1 | AS10: 1282477.3 | AV10: 167197.76 | AW10: 2 | AX10: 2 | AY10: 1128840.7 | AZ10: 1128840.7
A11: 9 | B11: Set | C11: 3609095.1 | E11: 9 | F11: 1076028.9 | G11: 2988.9692 | I11: 44570 | J11: 39334.942 | K11: 39912.562 | L11: 0 | M11: 0 | N11: 33925.456 | O11: 22775.812 | P11: 0 | Q11: 0 | R11: 44726.784 | T11: 0 | AP11: 180675.56 | AQ11: 1 | AS11: 1463152.9 | AV11: 180675.56 | AW11: 3 | AY11: 180675.56
A12: 10 | B12: Out | C12: 2514925.3 | E12: 10 | F12: 1059923 | G12: 2944.2305 | I12: 44571 | J12: 39323.119 | K12: 39401.808 | L12: 0 | M12: 0 | N12: 33915.259 | O12: 22767.255 | P12: 0 | Q12: 0 | R12: 43853.469 | T12: 0 | AP12: 179260.91 | AQ12: 1 | AS12: 1642413.8 | AV12: 179260.91 | AW12: 3 | AY12: 359936.47
A13: 11 | B13: Nov | C13: 2258934.8 | E13: 11 | F13: 1043880 | G13: 2899.6666 | I13: 44572 | J13: 38813.688 | K13: 39389.965 | L13: 0 | M13: 0 | N13: 33905.065 | O13: 22758.701 | P13: 0 | Q13: 0 | R13: 43840.288 | T13: 0 | AP13: 178707.71 | AQ13: 1 | AS13: 1821121.5 | AV13: 178707.71 | AW13: 3 | AY13: 538644.17
A14: 12 | B14: Dez | C14: 4227304.6 | E14: 12 | F14: 1027899.7 | G14: 2855.277 | I14: 44573 | J14: 38802.022 | K14: 39378.125 | L14: 0 | M14: 0 | N14: 33894.875 | O14: 22750.15 | P14: 0 | Q14: 0 | R14: 43827.11 | T14: 0 | AP14: 178652.28 | AQ14: 1 | AS14: 1999773.8 | AV14: 178652.28 | AW14: 3 | AY14: 717296.46
B15: 2022 | C15: 51737417 | E15: 13 | F15: 1011982.1 | G15: 2811.0613 | I15: 44574 | J15: 38790.359 | K15: 39366.29 | L15: 0 | M15: 0 | N15: 40238.065 | O15: 22741.603 | P15: 0 | Q15: 0 | R15: 43813.937 | T15: 0 | AP15: 184950.25 | AQ15: 1 | AS15: 2184724 | AV15: 184950.25 | AW15: 3 | AY15: 902246.71
E16: 14 | F16: 996126.77 | G16: 2767.0188 | I16: 44575 | J16: 38778.7 | K16: 39354.457 | L16: 0 | M16: 0 | N16: 40225.971 | O16: 22733.058 | P16: 0 | Q16: 0 | R16: 43800.768 | T16: 0 | AP16: 184892.95 | AQ16: 1 | AS16: 2369617 | AV16: 184892.95 | AW16: 3 | AY16: 1087139.7
E17: 15 | F17: 980333.66 | G17: 2723.1491 | I17: 44576 | J17: 38767.044 | K17: 39342.628 | L17: 0 | M17: 0 | N17: 40213.88 | O17: 22724.517 | P17: 0 | Q17: 0 | R17: 43787.603 | T17: 0 | AP17: 184835.67 | AQ17: 1 | AS17: 2554452.6 | AV17: 184835.67 | AW17: 3 | AX17: 3 | AY17: 1271975.3 | AZ17: 1271975.3
E18: 16 | F18: 964037.96 | G18: 2677.8832 | I18: 44577 | J18: 38755.392 | K18: 39330.803 | L18: 0 | M18: 0 | N18: 40201.793 | O18: 33956.066 | P18: 0 | Q18: 0 | R18: 43774.442 | T18: 0 | AP18: 196018.5 | AQ18: 1 | AS18: 2750471.1 | AV18: 196018.5 | AW18: 4 | AY18: 196018.5
E19: 17 | F19: 947625.45 | G19: 2632.2929 | I19: 44578 | J19: 38743.743 | K19: 38821.273 | L19: 0 | M19: 0 | N19: 40189.71 | O19: 33945.86 | P19: 0 | Q19: 0 | R19: 42045.155 | T19: 0 | AP19: 193745.74 | AQ19: 1 | AS19: 2944216.9 | AV19: 193745.74 | AW19: 4 | AY19: 389764.24
E20: 18 | F20: 930721.65 | G20: 2585.3379 | I20: 44579 | J20: 38235.532 | K20: 38809.604 | L20: 0 | M20: 0 | N20: 40177.63 | O20: 33935.656 | P20: 0 | Q20: 0 | R20: 42032.518 | T20: 0 | AP20: 193190.94 | AQ20: 1 | AS20: 3137407.8 | AV20: 193190.94 | AW20: 4 | AY20: 582955.18
E21: 19 | F21: 915216.32 | G21: 2542.2675 | I21: 44580 | J21: 38224.04 | K21: 38797.939 | L21: 0 | M21: 0 | N21: 40165.553 | O21: 33925.456 | P21: 0 | Q21: 0 | R21: 42019.884 | T21: 0 | AP21: 193132.87 | AQ21: 1 | AS21: 3330540.7 | AV21: 193132.87 | AW21: 4 | AY21: 776088.05
E22: 20 | F22: 966276.88 | G22: 2684.1025 | I22: 44581 | J22: 38212.551 | K22: 38786.278 | L22: 0 | M22: 0 | N22: 43080.85 | O22: 33915.259 | P22: 0 | Q22: 0 | R22: 42007.254 | T22: 0 | AP22: 196002.19 | AQ22: 1 | AS22: 3526542.9 | AV22: 196002.19 | AW22: 4 | AY22: 972090.24
E23: 21 | F23: 1013307.8 | G23: 2814.7439 | I23: 44582 | J23: 38201.065 | K23: 38774.619 | L23: 0 | M23: 0 | N23: 43067.901 | O23: 33905.065 | P23: 0 | Q23: 0 | R23: 41994.628 | T23: 0 | AP23: 195943.28 | AQ23: 1 | AS23: 3722486.2 | AV23: 195943.28 | AW23: 4 | AY23: 1168033.5
E24: 22 | F24: 1185657.2 | G24: 3293.4921 | I24: 44583 | J24: 38189.583 | K24: 38762.965 | L24: 0 | M24: 0 | N24: 43054.956 | O24: 33894.875 | P24: 0 | Q24: 0 | R24: 41982.005 | T24: 0 | AP24: 195884.38 | AQ24: 1 | AS24: 3918370.5 | AV24: 195884.38 | AW24: 4 | AX24: 4 | AY24: 1363917.9 | AZ24: 1363917.9
E25: 23 | F25: 1326737.4 | G25: 3685.3816 | I25: 44584 | J25: 38178.104 | K25: 38751.314 | L25: 0 | M25: 0 | N25: 43042.015 | O25: 40238.065 | P25: 0 | Q25: 0 | R25: 41969.387 | T25: 0 | AP25: 202178.89 | AQ25: 1 | AS25: 4120549.4 | AV25: 202178.89 | AW25: 5 | AY25: 202178.89
E26: 24 | F26: 1398044.9 | G26: 3883.458 | I26: 44585 | J26: 38166.629 | K26: 38243.004 | L26: 0 | M26: 0 | N26: 43029.077 | O26: 40225.971 | P26: 0 | Q26: 0 | T26: 0 | AP26: 159664.68 | AQ26: 1 | AS26: 4280214.1 | AV26: 159664.68 | AW26: 5 | AY26: 361843.57
E27: 25 | F27: 1420495.9 | G27: 3945.8219 | I27: 44586 | J27: 37659.636 | K27: 38231.509 | L27: 0 | M27: 0 | N27: 43016.144 | O27: 40213.88 | P27: 0 | Q27: 0 | T27: 0 | AP27: 159121.17 | AQ27: 1 | AS27: 4439335.3 | AV27: 159121.17 | AW27: 5 | AY27: 520964.74
E28: 26 | F28: 1400081 | G28: 3889.1138 | I28: 44587 | J28: 37648.316 | K28: 38220.018 | L28: 0 | M28: 0 | N28: 43003.215 | O28: 40201.793 | P28: 0 | Q28: 0 | T28: 0 | AP28: 159073.34 | AQ28: 1 | AS28: 4598408.6 | AV28: 159073.34 | AW28: 5 | AY28: 680038.08
E29: 27 | F29: 1376903.9 | G29: 3824.7331 | I29: 44588 | J29: 37637 | K29: 38208.53 | L29: 0 | M29: 0 | N29: 42711.706 | O29: 40189.71 | P29: 0 | Q29: 0 | T29: 0 | AP29: 158746.95 | AQ29: 1 | AS29: 4757155.6 | AV29: 158746.95 | AW29: 5 | AY29: 838785.02
E30: 28 | F30: 1356828 | G30: 3768.9668 | I30: 44589 | J30: 37625.688 | K30: 38197.046 | L30: 0 | M30: 0 | N30: 42698.868 | O30: 40177.63 | P30: 0 | Q30: 0 | T30: 0 | AP30: 158699.23 | AQ30: 1 | AS30: 4915854.8 | AV30: 158699.23 | AW30: 5 | AY30: 997484.26
E31: 29 | F31: 1333790.7 | G31: 3704.9742 | I31: 44590 | J31: 37614.379 | K31: 38185.565 | L31: 0 | M31: 0 | N31: 42686.034 | O31: 40165.553 | P31: 0 | Q31: 0 | T31: 0 | AP31: 158651.53 | AQ31: 1 | AS31: 5074506.3 | AV31: 158651.53 | AW31: 5 | AX31: 5 | AY31: 1156135.8 | AZ31: 1156135.8
E32: 30 | F32: 1310399.7 | G32: 3639.9992 | I32: 44591 | J32: 37603.073 | K32: 38174.087 | L32: 0 | M32: 0 | N32: 42673.204 | O32: 43080.85 | P32: 0 | Q32: 0 | T32: 0 | AP32: 161531.21 | AQ32: 1 | AS32: 5236037.5 | AV32: 161531.21 | AW32: 6 | AY32: 161531.21
E33: 31 | F33: 1284664.2 | G33: 3568.5116 | I33: 44592 | J33: 37591.77 | K33: 37666.995 | L33: 0 | M33: 0 | N33: 42660.378 | O33: 43067.901 | P33: 0 | Q33: 0 | T33: 0 | AP33: 160987.04 | AQ33: 1 | AR33: 1 | AS33: 5397024.6 | AT33: 5397024.6 | AV33: 160987.04 | AW33: 6 | AY33: 322518.26
E34: 32 | F34: 1147239.7 | G34: 3186.777 | I34: 44593 | J34: 37085.991 | K34: 37655.673 | L34: 0 | M34: 0 | N34: 42647.555 | O34: 43054.956 | P34: 0 | Q34: 0 | T34: 0 | AP34: 160444.18 | AQ34: 2 | AS34: 160444.18 | AV34: 160444.18 | AW34: 6 | AY34: 482962.43
E35: 33 | F35: 949917.06 | G35: 2638.6585 | I35: 44594 | J35: 37074.844 | K35: 37644.355 | L35: 0 | M35: 0 | N35: 42634.737 | O35: 43042.015 | P35: 0 | Q35: 0 | T35: 0 | AP35: 160395.95 | AQ35: 2 | AS35: 320840.13 | AV35: 160395.95 | AW35: 6 | AY35: 643358.38
E36: 34 | F36: 910843.74 | G36: 2530.1215 | I36: 44595 | J36: 37063.701 | K36: 37633.04 | L36: 0 | M36: 0 | N36: 42120.488 | O36: 43029.077 | P36: 0 | Q36: 0 | T36: 0 | AP36: 159846.31 | AQ36: 2 | AS36: 480686.43 | AV36: 159846.31 | AW36: 6 | AY36: 803204.69
E37: 35 | F37: 893491.73 | G37: 2481.9215 | I37: 44596 | J37: 37052.561 | K37: 37621.729 | L37: 0 | M37: 0 | N37: 42107.827 | O37: 43016.144 | P37: 0 | Q37: 0 | T37: 0 | AP37: 159798.26 | AQ37: 2 | AS37: 640484.69 | AV37: 159798.26 | AW37: 6 | AY37: 963002.95
E38: 36 | F38: 878195.8 | G38: 2439.4328 | I38: 44597 | J38: 37041.424 | K38: 37610.421 | L38: 0 | M38: 0 | N38: 42095.171 | O38: 43003.215 | P38: 0 | Q38: 0 | T38: 0 | AP38: 159750.23 | AQ38: 2 | AS38: 800234.92 | AV38: 159750.23 | AW38: 6 | AX38: 6 | AY38: 1122753.2 | AZ38: 1122753.2
E39: 37 | F39: 860327.02 | G39: 2389.7973 | I39: 44598 | J39: 37030.29 | K39: 37599.116 | L39: 0 | M39: 0 | N39: 42082.518 | O39: 42711.706 | P39: 0 | Q39: 0 | T39: 0 | AP39: 159423.63 | AQ39: 2 | AS39: 959658.55 | AV39: 159423.63 | AW39: 7 | AY39: 159423.63
E40: 38 | F40: 845192.67 | G40: 2347.7574 | I40: 44599 | J40: 37019.16 | K40: 37093.238 | L40: 0 | M40: 0 | N40: 42069.869 | O40: 42698.868 | P40: 0 | Q40: 0 | T40: 0 | AP40: 158881.14 | AQ40: 2 | AS40: 1118539.7 | AV40: 158881.14 | AW40: 7 | AY40: 318304.77
E41: 39 | F41: 830118.15 | G41: 2305.8837 | I41: 44600 | J41: 36326.373 | K41: 37082.089 | L41: 0 | M41: 0 | N41: 42057.224 | O41: 42686.034 | P41: 0 | Q41: 0 | T41: 0 | AP41: 158151.72 | AQ41: 2 | AS41: 1276691.4 | AV41: 158151.72 | AW41: 7 | AY41: 476456.49
E42: 40 | F42: 813725.02 | G42: 2260.3473 | I42: 44601 | J42: 36315.454 | K42: 37070.943 | L42: 0 | M42: 0 | N42: 42044.583 | O42: 42673.204 | P42: 0 | Q42: 0 | T42: 0 | AP42: 158104.19 | AQ42: 2 | AS42: 1434795.6 | AV42: 158104.19 | AW42: 7 | AY42: 634560.67
E43: 41 | F43: 730919.7 | G43: 2030.3325 | I43: 44602 | J43: 36304.539 | K43: 37059.801 | L43: 0 | M43: 0 | N43: 41746.755 | O43: 42660.378 | P43: 0 | Q43: 0 | T43: 0 | AP43: 157771.47 | AQ43: 2 | AS43: 1592567.1 | AV43: 157771.47 | AW43: 7 | AY43: 792332.15
E44: 42 | F44: 626397.39 | G44: 1739.9927 | I44: 44603 | J44: 36293.627 | K44: 37048.662 | L44: 0 | M44: 0 | N44: 41734.207 | O44: 42647.555 | P44: 0 | Q44: 0 | T44: 0 | AP44: 157724.05 | AQ44: 2 | AS44: 1750291.1 | AV44: 157724.05 | AW44: 7 | AY44: 950056.2
E45: 43 | F45: 461144.65 | G45: 1280.9574 | I45: 44604 | J45: 36282.718 | K45: 37037.526 | L45: 0 | M45: 0 | N45: 41721.663 | O45: 42634.737 | P45: 0 | Q45: 0 | T45: 0 | AP45: 157676.64 | AQ45: 2 | AS45: 1907967.8 | AV45: 157676.64 | AW45: 7 | AX45: 7 | AY45: 1107732.8 | AZ45: 1107732.8
E46: 44 | F46: 453407.99 | G46: 1259.4666 | I46: 44605 | J46: 36271.812 | K46: 37026.394 | L46: 0 | M46: 0 | N46: 41709.123 | O46: 42120.488 | P46: 0 | Q46: 0 | T46: 0 | AP46: 157127.82 | AQ46: 2 | AS46: 2065095.6 | AV46: 157127.82 | AW46: 8 | AY46: 157127.82
E47: 45 | F47: 445701.82 | G47: 1238.0606 | I47: 44606 | J47: 36260.91 | K47: 36333.471 | L47: 0 | M47: 0 | N47: 41696.586 | O47: 42107.827 | P47: 0 | Q47: 0 | T47: 0 | AP47: 156398.79 | AQ47: 2 | AS47: 2221494.4 | AV47: 156398.79 | AW47: 8 | AY47: 313526.61
E48: 46 | F48: 457040.71 | G48: 1269.5575 | I48: 44607 | J48: 35760.146 | K48: 36322.551 | L48: 0 | M48: 0 | N48: 41684.053 | O48: 42095.171 | P48: 0 | Q48: 0 | T48: 0 | AP48: 155861.92 | AQ48: 2 | AS48: 2377356.3 | AV48: 155861.92 | AW48: 8 | AY48: 469388.53
E49: 47 | F49: 500700.29 | G49: 1390.8341 | I49: 44608 | J49: 35749.398 | K49: 36311.633 | L49: 0 | M49: 0 | N49: 41671.524 | O49: 42082.518 | P49: 0 | Q49: 0 | T49: 0 | AP49: 155815.07 | AQ49: 2 | AS49: 2533171.4 | AV49: 155815.07 | AW49: 8 | AY49: 625203.61
E50: 48 | F50: 592884.76 | G50: 1646.9021 | I50: 44609 | J50: 35738.652 | K50: 36300.719 | L50: 0 | M50: 0 | N50: 41157.083 | O50: 42069.869 | P50: 0 | Q50: 0 | T50: 0 | AP50: 155266.32 | AQ50: 2 | AS50: 2688437.7 | AV50: 155266.32 | AW50: 8 | AY50: 780469.93
E51: 49 | F51: 737956.77 | G51: 2049.8799 | I51: 44610 | J51: 35727.91 | K51: 36289.808 | L51: 0 | M51: 0 | N51: 41144.713 | O51: 42057.224 | P51: 0 | Q51: 0 | T51: 0 | AP51: 155219.66 | AQ51: 2 | AS51: 2843657.3 | AV51: 155219.66 | AW51: 8 | AY51: 935689.58
E52: 50 | F52: 874182.16 | G52: 2428.2838 | I52: 44611 | J52: 35717.172 | K52: 36278.9 | L52: 0 | M52: 0 | N52: 41132.346 | O52: 42044.583 | P52: 0 | Q52: 0 | T52: 0 | AP52: 155173 | AQ52: 2 | AS52: 2998830.3 | AV52: 155173 | AW52: 8 | AX52: 8 | AY52: 1090862.6 | AZ52: 1090862.6
E53: 51 | F53: 953400.3 | G53: 2648.3342 | I53: 44612 | J53: 35706.436 | K53: 36267.996 | L53: 0 | M53: 0 | N53: 41119.983 | O53: 41746.755 | P53: 0 | Q53: 0 | T53: 0 | AP53: 154841.17 | AQ53: 2 | AS53: 3153671.5 | AV53: 154841.17 | AW53: 9 | AY53: 154841.17
E54: 52 | F54: 1002181.8 | G54: 2783.8382 | I54: 44613 | J54: 35695.704 | K54: 35767.134 | L54: 0 | M54: 0 | N54: 41107.623 | O54: 41734.207 | P54: 0 | Q54: 0 | T54: 0 | AP54: 154304.67 | AQ54: 2 | AS54: 3307976.2 | AV54: 154304.67 | AW54: 9 | AY54: 309145.84
E55: 53 | F55: 1049629.9 | G55: 2915.6387 | I55: 44614 | J55: 35196.139 | K55: 35756.383 | L55: 0 | M55: 0 | N55: 41095.267 | O55: 41721.663 | P55: 0 | Q55: 0 | T55: 0 | AP55: 153769.45 | AQ55: 2 | AS55: 3461745.6 | AV55: 153769.45 | AW55: 9 | AY55: 462915.29
I56: 44615 | J56: 35185.56 | K56: 35745.636 | L56: 0 | M56: 0 | N56: 41082.915 | O56: 41709.123 | P56: 0 | Q56: 0 | T56: 0 | AP56: 153723.23 | AQ56: 2 | AS56: 3615468.9 | AV56: 153723.23 | AW56: 9 | AY56: 616638.52
E57: 2022 | F57: 51737417 | G57: 143715.05 | I57: 44616 | J57: 35174.985 | K57: 35734.892 | L57: 0 | M57: 0 | N57: 40569.706 | O57: 41696.586 | P57: 0 | Q57: 0 | T57: 0 | AP57: 153176.17 | AQ57: 2 | AS57: 3768645 | AV57: 153176.17 | AW57: 9 | AY57: 769814.69
I58: 44617 | J58: 35164.412 | K58: 35724.151 | L58: 0 | M58: 0 | N58: 40557.512 | O58: 41684.053 | P58: 0 | Q58: 0 | T58: 0 | AP58: 153130.13 | AQ58: 2 | AS58: 3921775.2 | AV58: 153130.13 | AW58: 9 | AY58: 922944.82
B59: Mês | C59: Aproveitamento | F59: Caixas | G59: Caixas | I59: 44618 | J59: 35153.842 | K59: 35713.413 | L59: 0 | M59: 0 | N59: 40545.322 | O59: 41671.524 | P59: 0 | Q59: 0 | T59: 0 | AP59: 153084.1 | AQ59: 2 | AS59: 4074859.3 | AV59: 153084.1 | AW59: 9 | AX59: 9 | AY59: 1076028.9 | AZ59: 1076028.9
A60: 1 | B60: Jan | C60: 5910527.4 | E60: 1 | F60: 1131383.4 | G60: 3142.7317 | I60: 44619 | J60: 35143.276 | K60: 35702.679 | L60: 0 | M60: 0 | N60: 40533.135 | O60: 41157.083 | P60: 0 | Q60: 0 | T60: 0 | AP60: 152536.17 | AQ60: 2 | AS60: 4227395.4 | AV60: 152536.17 | AW60: 10 | AY60: 152536.17
A61: 2 | B61: Fev | C61: 5706742.9 | E61: 2 | F61: 1270006.9 | G61: 3527.7969 | I61: 44620 | J61: 35132.713 | K61: 35203.017 | L61: 0 | M61: 0 | N61: 40520.952 | O61: 41144.713 | P61: 0 | Q61: 0 | T61: 0 | AP61: 152001.39 | AQ61: 2 | AR61: 2 | AS61: 4379396.8 | AT61: 4379396.8 | AV61: 152001.39 | AW61: 10 | AY61: 304537.57
A62: 3 | B62: Mar | C62: 4714775.4 | E62: 3 | F62: 1398933.2 | G62: 3885.9255 | I62: 44621 | J62: 34634.346 | K62: 35192.436 | L62: 0 | M62: 0 | N62: 40508.772 | O62: 41132.346 | P62: 0 | Q62: 0 | T62: 0 | AP62: 151467.9 | AQ62: 3 | AS62: 151467.9 | AV62: 151467.9 | AW62: 10 | AY62: 456005.47
A63: 4 | B63: Abr | C63: 4259577.8 | E63: 4 | F63: 1472302.6 | G63: 4089.7296 | I63: 44622 | J63: 34623.936 | K63: 35181.858 | L63: 0 | M63: 0 | N63: 40496.597 | O63: 41119.983 | P63: 0 | Q63: 0 | T63: 0 | AP63: 151422.37 | AQ63: 3 | AS63: 302890.27 | AV63: 151422.37 | AW63: 10 | AY63: 607427.84
A64: 5 | B64: Mai | C64: 4091356.7 | E64: 5 | F64: 1494139.9 | G64: 4150.3885 | I64: 44623 | J64: 34613.529 | K64: 35171.283 | L64: 0 | M64: 0 | N64: 39984.617 | O64: 41107.623 | P64: 0 | Q64: 0 | T64: 0 | AP64: 150877.05 | AQ64: 3 | AS64: 453767.32 | AV64: 150877.05 | AW64: 10 | AY64: 758304.89
A65: 6 | B65: Jun | C65: 3666917.9 | E65: 6 | F65: 1482384.4 | G65: 4117.7345 | I65: 44624 | J65: 34603.125 | K65: 35160.712 | L65: 0 | M65: 0 | N65: 39972.599 | O65: 41095.267 | P65: 0 | Q65: 0 | T65: 0 | AP65: 150831.7 | AQ65: 3 | AS65: 604599.03 | AV65: 150831.7 | AW65: 10 | AY65: 909136.6
A66: 7 | B66: Jul | C66: 3481012.4 | E66: 7 | F66: 1460384.6 | G66: 4056.6238 | I66: 44625 | J66: 34592.724 | K66: 35150.144 | L66: 0 | M66: 0 | N66: 39960.584 | O66: 41082.915 | P66: 0 | Q66: 0 | T66: 0 | AP66: 150786.37 | AQ66: 3 | AS66: 755385.39 | AV66: 150786.37 | AW66: 10 | AX66: 10 | AY66: 1059923 | AZ66: 1059923
A67: 8 | B67: Ago | C67: 3166342.3 | E67: 8 | F67: 1432009.4 | G67: 3977.804 | I67: 44626 | J67: 34582.326 | K67: 35139.578 | L67: 0 | M67: 0 | N67: 39948.573 | O67: 40569.706 | P67: 0 | Q67: 0 | T67: 0 | AP67: 150240.18 | AQ67: 3 | AS67: 905625.58 | AV67: 150240.18 | AW67: 11 | AY67: 150240.18
A68: 9 | B68: Set | C68: 2449932.3 | E68: 9 | F68: 1101391.9 | G68: 3059.4219 | I68: 44627 | J68: 34571.932 | K68: 34641.114 | L68: 0 | M68: 0 | N68: 39936.566 | O68: 40557.512 | P68: 0 | Q68: 0 | T68: 0 | AP68: 149707.12 | AQ68: 3 | AS68: 1055332.7 | AV68: 149707.12 | AW68: 11 | AY68: 299947.31
A69: 10 | B69: Out | C69: 621468.95 | E69: 10 | F69: 1084402.5 | G69: 3012.2291 | I69: 44628 | J69: 34074.758 | K69: 34630.701 | L69: 0 | M69: 0 | N69: 39924.562 | O69: 40545.322 | P69: 0 | Q69: 0 | T69: 0 | AP69: 149175.34 | AQ69: 3 | AS69: 1204508 | AV69: 149175.34 | AW69: 11 | AY69: 449122.65
A70: 11 | B70: Nov | C70: 0 | E70: 11 | F70: 1066924.3 | G70: 2963.6785 | I70: 44629 | J70: 34064.516 | K70: 34620.292 | L70: 0 | M70: 0 | N70: 39912.562 | O70: 40533.135 | P70: 0 | Q70: 0 | T70: 0 | AP70: 149130.51 | AQ70: 3 | AS70: 1353638.6 | AV70: 149130.51 | AW70: 11 | AY70: 598253.16
A71: 12 | B71: Dez | C71: 0 | E71: 12 | F71: 1050282.4 | G71: 2917.4512 | I71: 44630 | J71: 34054.278 | K71: 34609.887 | L71: 0 | M71: 0 | N71: 39401.808 | O71: 40520.952 | P71: 0 | Q71: 0 | T71: 0 | AP71: 148586.92 | AQ71: 3 | AS71: 1502225.5 | AV71: 148586.92 | AW71: 11 | AY71: 746840.08
B72: 2023 | C72: 38068654 | E72: 13 | F72: 1034276.2 | G72: 2872.9895 | I72: 44631 | J72: 34044.042 | K72: 34599.484 | L72: 0 | M72: 0 | N72: 39389.965 | O72: 40508.772 | P72: 0 | Q72: 0 | T72: 0 | AP72: 148542.26 | AQ72: 3 | AS72: 1650767.7 | AV72: 148542.26 | AW72: 11 | AY72: 895382.34
E73: 14 | F73: 1018332.6 | G73: 2828.7017 | I73: 44632 | J73: 34033.809 | K73: 34589.084 | L73: 0 | M73: 0 | N73: 39378.125 | O73: 40496.597 | P73: 0 | Q73: 0 | T73: 0 | AP73: 148497.62 | AQ73: 3 | AS73: 1799265.4 | AV73: 148497.62 | AW73: 11 | AX73: 11 | AY73: 1043880 | AZ73: 1043880
E74: 15 | F74: 1002451.5 | G74: 2784.5875 | I74: 44633 | J74: 34023.58 | K74: 34578.688 | L74: 0 | M74: 0 | N74: 39366.29 | O74: 39984.617 | P74: 0 | Q74: 0 | T74: 0 | AP74: 147953.17 | AQ74: 3 | AS74: 1947218.5 | AV74: 147953.17 | AW74: 12 | AY74: 147953.17
E75: 16 | F75: 985879.95 | G75: 2738.5554 | I75: 44634 | J75: 34013.353 | K75: 34081.417 | L75: 0 | M75: 0 | N75: 39354.457 | O75: 39972.599 | P75: 0 | Q75: 0 | T75: 0 | AP75: 147421.83 | AQ75: 3 | AS75: 2094640.4 | AV75: 147421.83 | AW75: 12 | AY75: 295375
E76: 17 | F76: 968818.29 | G76: 2691.1619 | I76: 44635 | J76: 33517.371 | K76: 34071.173 | L76: 0 | M76: 0 | N76: 39342.628 | O76: 39960.584 | P76: 0 | Q76: 0 | T76: 0 | AP76: 146891.76 | AQ76: 3 | AS76: 2241532.1 | AV76: 146891.76 | AW76: 12 | AY76: 442266.76
E77: 18 | F77: 952591.68 | G77: 2646.088 | I77: 44636 | J77: 33507.296 | K77: 34060.932 | L77: 0 | M77: 0 | N77: 39330.803 | O77: 39948.573 | P77: 0 | Q77: 0 | T77: 0 | AP77: 146847.6 | AQ77: 3 | AS77: 2388379.7 | AV77: 146847.6 | AW77: 12 | AY77: 589114.36
E78: 19 | F78: 936999.35 | G78: 2602.776 | I78: 44637 | J78: 33497.225 | K78: 34050.694 | L78: 0 | M78: 0 | N78: 38821.273 | O78: 39936.566 | P78: 0 | Q78: 0 | T78: 0 | AP78: 146305.76 | AQ78: 3 | AS78: 2534685.5 | AV78: 146305.76 | AW78: 12 | AY78: 735420.12
E79: 20 | F79: 921468.36 | G79: 2559.6343 | I79: 44638 | J79: 33487.157 | K79: 34040.46 | L79: 0 | M79: 0 | N79: 38809.604 | O79: 39924.562 | P79: 0 | Q79: 0 | T79: 0 | AP79: 146261.78 | AQ79: 3 | AS79: 2680947.3 | AV79: 146261.78 | AW79: 12 | AY79: 881681.9
E80: 21 | F80: 905998.53 | G80: 2516.6626 | I80: 44639 | J80: 33477.091 | K80: 34030.228 | L80: 0 | M80: 0 | N80: 38797.939 | O80: 39912.562 | P80: 0 | Q80: 0 | T80: 0 | AP80: 146217.82 | AQ80: 3 | AS80: 2827165.1 | AV80: 146217.82 | AW80: 12 | AX80: 12 | AY80: 1027899.7 | AZ80: 1027899.7
E81: 22 | F81: 890589.67 | G81: 2473.8602 | I81: 44640 | J81: 33467.029 | K81: 34020 | L81: 0 | M81: 0 | N81: 38786.278 | O81: 39401.808 | P81: 0 | Q81: 0 | T81: 0 | AP81: 145675.11 | AQ81: 3 | AS81: 2972840.2 | AV81: 145675.11 | AW81: 13 | AY81: 145675.11
E82: 23 | F82: 875241.58 | G82: 2431.2266 | I82: 44641 | J82: 33456.97 | K82: 33523.92 | L82: 0 | M82: 0 | N82: 38774.619 | O82: 39389.965 | P82: 0 | Q82: 0 | T82: 0 | AP82: 145145.47 | AQ82: 3 | AS82: 3117985.7 | AV82: 145145.47 | AW82: 13 | AY82: 290820.59
E83: 24 | F83: 859361.52 | G83: 2387.1153 | I83: 44642 | J83: 32962.176 | K83: 33513.844 | L83: 0 | M83: 0 | N83: 38762.965 | O83: 39378.125 | P83: 0 | Q83: 0 | T83: 0 | AP83: 144617.11 | AQ83: 3 | AS83: 3262602.8 | AV83: 144617.11 | AW83: 13 | AY83: 435437.7
E84: 25 | F84: 843109 | G84: 2341.9694 | I84: 44643 | J84: 32952.268 | K84: 33503.771 | L84: 0 | M84: 0 | N84: 38751.314 | O84: 39366.29 | P84: 0 | Q84: 0 | T84: 0 | AP84: 144573.64 | AQ84: 3 | AS84: 3407176.4 | AV84: 144573.64 | AW84: 13 | AY84: 580011.34
E85: 26 | F85: 827528.64 | G85: 2298.6907 | I85: 44644 | J85: 32942.364 | K85: 33493.7 | L85: 0 | M85: 0 | N85: 38243.004 | O85: 39354.457 | P85: 0 | Q85: 0 | T85: 0 | AP85: 144033.53 | AQ85: 3 | AS85: 3551209.9 | AV85: 144033.53 | AW85: 13 | AY85: 724044.87
E86: 27 | F86: 811341.67 | G86: 2253.7269 | I86: 44645 | J86: 32932.462 | K86: 33483.633 | L86: 0 | M86: 0 | N86: 38231.509 | O86: 39342.628 | P86: 0 | Q86: 0 | T86: 0 | AP86: 143990.23 | AQ86: 3 | AS86: 3695200.2 | AV86: 143990.23 | AW86: 13 | AY86: 868035.1
E87: 28 | F87: 794398.12 | G87: 2206.6615 | I87: 44646 | J87: 32922.564 | K87: 33473.569 | L87: 0 | M87: 0 | N87: 38220.018 | O87: 39330.803 | P87: 0 | Q87: 0 | T87: 0 | AP87: 143946.95 | AQ87: 3 | AS87: 3839147.1 | AV87: 143946.95 | AW87: 13 | AX87: 13 | AY87: 1011982.1 | AZ87: 1011982.1
E88: 29 | F88: 778671.17 | G88: 2162.9755 | I88: 44647 | J88: 32912.668 | K88: 33463.508 | L88: 0 | M88: 0 | N88: 38208.53 | O88: 38821.273 | P88: 0 | Q88: 0 | T88: 0 | AP88: 143405.98 | AQ88: 3 | AS88: 3982553.1 | AV88: 143405.98 | AW88: 14 | AY88: 143405.98
E89: 30 | F89: 763265.38 | G89: 2120.1816 | I89: 44648 | J89: 32902.776 | K89: 32968.617 | L89: 0 | M89: 0 | N89: 38197.046 | O89: 38809.604 | P89: 0 | Q89: 0 | T89: 0 | AP89: 142878.04 | AQ89: 3 | AS89: 4125431.1 | AV89: 142878.04 | AW89: 14 | AY89: 286284.02
E90: 31 | F90: 747485.57 | G90: 2076.3488 | I90: 44649 | J90: 32409.167 | K90: 32958.708 | L90: 0 | M90: 0 | N90: 38185.565 | O90: 38797.939 | P90: 0 | Q90: 0 | T90: 0 | AP90: 142351.38 | AQ90: 3 | AS90: 4267782.5 | AV90: 142351.38 | AW90: 14 | AY90: 428635.4
E91: 32 | F91: 732376.35 | G91: 2034.3788 | I91: 44650 | J91: 32399.426 | K91: 32948.801 | L91: 0 | M91: 0 | N91: 38174.087 | O91: 38786.278 | P91: 0 | Q91: 0 | T91: 0 | AP91: 142308.59 | AQ91: 3 | AS91: 4410091.1 | AV91: 142308.59 | AW91: 14 | AY91: 570943.99
E92: 33 | F92: 716658.98 | G92: 1990.7194 | I92: 44651 | J92: 32389.687 | K92: 32938.898 | L92: 0 | M92: 0 | N92: 37666.995 | O92: 38774.619 | P92: 0 | Q92: 0 | T92: 0 | AP92: 141770.2 | AQ92: 3 | AR92: 3 | AS92: 4551861.3 | AT92: 4551861.3 | AV92: 141770.2 | AW92: 14 | AY92: 712714.19
E93: 34 | F93: 698346.07 | G93: 1939.8502 | I93: 44652 | J93: 32379.952 | K93: 32928.997 | L93: 0 | M93: 0 | N93: 37655.673 | O93: 38762.965 | P93: 0 | Q93: 0 | T93: 0 | AP93: 141727.59 | AQ93: 4 | AS93: 141727.59 | AV93: 141727.59 | AW93: 14 | AY93: 854441.78
E94: 35 | F94: 679412.26 | G94: 1887.2563 | I94: 44653 | J94: 32370.219 | K94: 32919.1 | L94: 0 | M94: 0 | N94: 37644.355 | O94: 38751.314 | P94: 0 | Q94: 0 | T94: 0 | AP94: 141684.99 | AQ94: 4 | AS94: 283412.58 | AV94: 141684.99 | AW94: 14 | AX94: 14 | AY94: 996126.77 | AZ94: 996126.77
E95: 36 | F95: 662898.34 | G95: 1841.3843 | I95: 44654 | J95: 32360.49 | K95: 32909.205 | L95: 0 | M95: 0 | N95: 37633.04 | O95: 38243.004 | P95: 0 | Q95: 0 | T95: 0 | AP95: 141145.74 | AQ95: 4 | AS95: 424558.31 | AV95: 141145.74 | AW95: 15 | AY95: 141145.74
E96: 37 | F96: 648302.91 | G96: 1800.8414 | I96: 44655 | J96: 32350.763 | K96: 32415.5 | L96: 0 | M96: 0 | N96: 37621.729 | O96: 38231.509 | P96: 0 | Q96: 0 | T96: 0 | AP96: 140619.5 | AQ96: 4 | AS96: 565177.82 | AV96: 140619.5 | AW96: 15 | AY96: 281765.24
E97: 38 | F97: 550573.26 | G97: 1529.3702 | I97: 44656 | J97: 31858.337 | K97: 32405.757 | L97: 0 | M97: 0 | N97: 37610.421 | O97: 38220.018 | P97: 0 | Q97: 0 | T97: 0 | AP97: 140094.53 | AQ97: 4 | AS97: 705272.35 | AV97: 140094.53 | AW97: 15 | AY97: 421859.77
E98: 39 | F98: 396262.72 | G98: 1100.7298 | I98: 44657 | J98: 31848.762 | K98: 32396.017 | L98: 0 | M98: 0 | N98: 37599.116 | O98: 38208.53 | P98: 0 | Q98: 0 | T98: 0 | AP98: 140052.42 | AQ98: 4 | AS98: 845324.77 | AV98: 140052.42 | AW98: 15 | AY98: 561912.2
E99: 40 | F99: 326175.95 | G99: 906.04431 | I99: 44658 | J99: 31839.189 | K99: 32386.279 | L99: 0 | M99: 0 | N99: 37093.238 | O99: 38197.046 | P99: 0 | Q99: 0 | T99: 0 | AP99: 139515.75 | AQ99: 4 | AS99: 984840.53 | AV99: 139515.75 | AW99: 15 | AY99: 701427.95
E100: 41 | F100: 227839.79 | G100: 632.8883 | I100: 44659 | J100: 31829.619 | K100: 32376.545 | L100: 0 | M100: 0 | N100: 37082.089 | O100: 38185.565 | P100: 0 | Q100: 0 | T100: 0 | AP100: 139473.82 | AQ100: 4 | AS100: 1124314.3 | AV100: 139473.82 | AW100: 15 | AY100: 840901.77
...

Sheet Idade
J1: AA | K1: BB | L1: CC | M1: DD | N1: EE | O1: FF | P1: GG | Q1: HH | R1: II | S1: JJ | T1: KK | U1: LL | V1: MM | W1: NN | X1: OO | Y1: PP | Z1: QQ | AA1: RR | AB1: SS | AC1: TT | AD1: UU | AE1: VV | AF1: XX | AG1: YY | AH1: ZZ | AI1: WW | AJ1: AAA | AK1: BBB | AL1: CCC | AM1: DDD | AN1: EEE | AX1: 53
B2: Mês | C2: Ovos Totais | F2: Ovos Totais | G2: Caixas | J2: SJ F1 A 221 R | K2: SJ F1 B 321 R | L2: SJ F1 A 222 R | M2: SJ F1 B 322 R | N2: SJ F2 A 421 R | O2: SJ F2 B 521 R | P2: SJ F2 A 422 R | Q2: SJ F2 B 522 R | R2: SJ F3 820 R | S2: AAA 1 001 | T2: SJ F3 821 R | U2: AAA 1 001 | V2: AAA 1 001 | W2: AAA 1 001 | X2: AAA 1 001 | Y2: AAA 1 001 | Z2: AAA 1 001 | AA2: AAA 1 001 | AB2: AAA 1 001 | AC2: AAA 1 001 | AD2: AAA 1 001 | AE2: AAA 1 001 | AF2: AAA 1 001 | AG2: AAA 1 001 | AH2: AAA 1 001 | AI2: AAA 1 001 | AJ2: AAA 1 001 | AK2: AAA 1 001 | AL2: AAA 1 001 | AM2: AAA 1 001 | AN2: AAA 1 001 | AP2: Total
A3: 1 | B3: Jan | C3: 5591 | E3: 1 | F3: 186 | G3: 0.51666667 | I3: 44562 | J3: 36 | K3: 35 | L3: 0 | M3: 0 | N3: 27 | O3: 25 | P3: 0 | Q3: 0 | R3: 63 | S3: 0 | T3: 0 | U3: 0 | V3: 0 | W3: 0 | X3: 0 | Y3: 0 | Z3: 0 | AA3: 0 | AB3: 0 | AC3: 0 | AD3: 0 | AE3: 0 | AF3: 0 | AG3: 0 | AH3: 0 | AI3: 0 | AJ3: 0 | AK3: 0 | AL3: 0 | AM3: 0 | AN3: 0 | AP3: 186 | AQ3: 1 | AS3: 186 | AV3: 186 | AW3: 1 | AX3: 1 | AY3: 186 | AZ3: 186
A4: 2 | B4: Fev | C4: 4176 | E4: 2 | F4: 1329 | G4: 3.6916667 | I4: 44563 | J4: 36 | K4: 35 | L4: 0 | M4: 0 | N4: 27 | O4: 26 | P4: 0 | Q4: 0 | R4: 63 | S4: 0 | T4: 0 | U4: 0 | V4: 0 | W4: 0 | X4: 0 | Y4: 0 | Z4: 0 | AA4: 0 | AB4: 0 | AC4: 0 | AD4: 0 | AE4: 0 | AF4: 0 | AG4: 0 | AH4: 0 | AI4: 0 | AJ4: 0 | AK4: 0 | AL4: 0 | AM4: 0 | AN4: 0 | AP4: 187 | AQ4: 1 | AS4: 373 | AV4: 187 | AW4: 2 | AY4: 187
A5: 3 | B5: Mar | C5: 5147 | E5: 3 | F5: 1364 | G5: 3.7888889 | I5: 44564 | J5: 36 | K5: 36 | L5: 0 | M5: 0 | N5: 27 | O5: 26 | P5: 0 | Q5: 0 | R5: 64 | S5: 0 | T5: 0 | U5: 0 | V5: 0 | W5: 0 | X5: 0 | Y5: 0 | Z5: 0 | AA5: 0 | AB5: 0 | AC5: 0 | AD5: 0 | AE5: 0 | AF5: 0 | AG5: 0 | AH5: 0 | AI5: 0 | AJ5: 0 | AK5: 0 | AL5: 0 | AM5: 0 | AN5: 0 | AP5: 189 | AQ5: 1 | AS5: 562 | AV5: 189 | AW5: 2 | AY5: 376
A6: 4 | B6: Abr | C6: 5817 | E6: 4 | F6: 1399 | G6: 3.8861111 | I6: 44565 | J6: 37 | K6: 36 | L6: 0 | M6: 0 | N6: 27 | O6: 26 | P6: 0 | Q6: 0 | R6: 64 | S6: 0 | T6: 0 | U6: 0 | V6: 0 | W6: 0 | X6: 0 | Y6: 0 | Z6: 0 | AA6: 0 | AB6: 0 | AC6: 0 | AD6: 0 | AE6: 0 | AF6: 0 | AG6: 0 | AH6: 0 | AI6: 0 | AJ6: 0 | AK6: 0 | AL6: 0 | AM6: 0 | AN6: 0 | AP6: 190 | AQ6: 1 | AS6: 752 | AV6: 190 | AW6: 2 | AY6: 566
A7: 5 | B7: Mai | C7: 7025 | E7: 5 | F7: 1032 | G7: 2.8666667 | I7: 44566 | J7: 37 | K7: 36 | L7: 0 | M7: 0 | N7: 27 | O7: 26 | P7: 0 | Q7: 0 | R7: 64 | S7: 0 | T7: 0 | U7: 0 | V7: 0 | W7: 0 | X7: 0 | Y7: 0 | Z7: 0 | AA7: 0 | AB7: 0 | AC7: 0 | AD7: 0 | AE7: 0 | AF7: 0 | AG7: 0 | AH7: 0 | AI7: 0 | AJ7: 0 | AK7: 0 | AL7: 0 | AM7: 0 | AN7: 0 | AP7: 190 | AQ7: 1 | AS7: 942 | AV7: 190 | AW7: 2 | AY7: 756
A8: 6 | B8: Jun | C8: 7451 | E8: 6 | F8: 994 | G8: 2.7611111 | I8: 44567 | J8: 37 | K8: 36 | L8: 0 | M8: 0 | N8: 28 | O8: 26 | P8: 0 | Q8: 0 | R8: 64 | S8: 0 | T8: 0 | U8: 0 | V8: 0 | W8: 0 | X8: 0 | Y8: 0 | Z8: 0 | AA8: 0 | AB8: 0 | AC8: 0 | AD8: 0 | AE8: 0 | AF8: 0 | AG8: 0 | AH8: 0 | AI8: 0 | AJ8: 0 | AK8: 0 | AL8: 0 | AM8: 0 | AN8: 0 | AP8: 191 | AQ8: 1 | AS8: 1133 | AV8: 191 | AW8: 2 | AY8: 947
A9: 7 | B9: Jul | C9: 8373 | E9: 7 | F9: 1022 | G9: 2.8388889 | I9: 44568 | J9: 37 | K9: 36 | L9: 0 | M9: 0 | N9: 28 | O9: 26 | P9: 0 | Q9: 0 | R9: 64 | S9: 0 | T9: 0 | U9: 0 | V9: 0 | W9: 0 | X9: 0 | Y9: 0 | Z9: 0 | AA9: 0 | AB9: 0 | AC9: 0 | AD9: 0 | AE9: 0 | AF9: 0 | AG9: 0 | AH9: 0 | AI9: 0 | AJ9: 0 | AK9: 0 | AL9: 0 | AM9: 0 | AN9: 0 | AP9: 191 | AQ9: 1 | AS9: 1324 | AV9: 191 | AW9: 2 | AY9: 1138
A10: 8 | B10: Ago | C10: 5364 | E10: 8 | F10: 1050 | G10: 2.9166667 | I10: 44569 | J10: 37 | K10: 36 | L10: 0 | M10: 0 | N10: 28 | O10: 26 | P10: 0 | Q10: 0 | R10: 64 | S10: 0 | T10: 0 | U10: 0 | V10: 0 | W10: 0 | X10: 0 | Y10: 0 | Z10: 0 | AA10: 0 | AB10: 0 | AC10: 0 | AD10: 0 | AE10: 0 | AF10: 0 | AG10: 0 | AH10: 0 | AI10: 0 | AJ10: 0 | AK10: 0 | AL10: 0 | AM10: 0 | AN10: 0 | AP10: 191 | AQ10: 1 | AS10: 1515 | AV10: 191 | AW10: 2 | AX10: 2 | AY10: 1329 | AZ10: 1329
A11: 9 | B11: Set | C11: 5072 | E11: 9 | F11: 1078 | G11: 2.9944444 | I11: 44570 | J11: 37 | K11: 36 | L11: 0 | M11: 0 | N11: 28 | O11: 27 | P11: 0 | Q11: 0 | R11: 64 | S11: 0 | T11: 0 | U11: 0 | V11: 0 | W11: 0 | X11: 0 | Y11: 0 | Z11: 0 | AA11: 0 | AB11: 0 | AC11: 0 | AD11: 0 | AE11: 0 | AF11: 0 | AG11: 0 | AH11: 0 | AI11: 0 | AJ11: 0 | AK11: 0 | AL11: 0 | AM11: 0 | AN11: 0 | AP11: 192 | AQ11: 1 | AS11: 1707 | AV11: 192 | AW11: 3 | AY11: 192
A12: 10 | B12: Out | C12: 3210 | E12: 10 | F12: 1106 | G12: 3.0722222 | I12: 44571 | J12: 37 | K12: 37 | L12: 0 | M12: 0 | N12: 28 | O12: 27 | P12: 0 | Q12: 0 | R12: 65 | S12: 0 | T12: 0 | U12: 0 | V12: 0 | W12: 0 | X12: 0 | Y12: 0 | Z12: 0 | AA12: 0 | AB12: 0 | AC12: 0 | AD12: 0 | AE12: 0 | AF12: 0 | AG12: 0 | AH12: 0 | AI12: 0 | AJ12: 0 | AK12: 0 | AL12: 0 | AM12: 0 | AN12: 0 | AP12: 194 | AQ12: 1 | AS12: 1901 | AV12: 194 | AW12: 3 | AY12: 386
A13: 11 | B13: Nov | C13: 3080 | E13: 11 | F13: 1134 | G13: 3.15 | I13: 44572 | J13: 38 | K13: 37 | L13: 0 | M13: 0 | N13: 28 | O13: 27 | P13: 0 | Q13: 0 | R13: 65 | S13: 0 | T13: 0 | U13: 0 | V13: 0 | W13: 0 | X13: 0 | Y13: 0 | Z13: 0 | AA13: 0 | AB13: 0 | AC13: 0 | AD13: 0 | AE13: 0 | AF13: 0 | AG13: 0 | AH13: 0 | AI13: 0 | AJ13: 0 | AK13: 0 | AL13: 0 | AM13: 0 | AN13: 0 | AP13: 195 | AQ13: 1 | AS13: 2096 | AV13: 195 | AW13: 3 | AY13: 581
A14: 12 | B14: Dez | C14: 4888 | E14: 12 | F14: 1162 | G14: 3.2277778 | I14: 44573 | J14: 38 | K14: 37 | L14: 0 | M14: 0 | N14: 28 | O14: 27 | P14: 0 | Q14: 0 | R14: 65 | S14: 0 | T14: 0 | U14: 0 | V14: 0 | W14: 0 | X14: 0 | Y14: 0 | Z14: 0 | AA14: 0 | AB14: 0 | AC14: 0 | AD14: 0 | AE14: 0 | AF14: 0 | AG14: 0 | AH14: 0 | AI14: 0 | AJ14: 0 | AK14: 0 | AL14: 0 | AM14: 0 | AN14: 0 | AP14: 195 | AQ14: 1 | AS14: 2291 | AV14: 195 | AW14: 3 | AY14: 776
B15: 2022 | C15: 65194 | E15: 13 | F15: 1190 | G15: 3.3055556 | I15: 44574 | J15: 38 | K15: 37 | L15: 0 | M15: 0 | N15: 29 | O15: 27 | P15: 0 | Q15: 0 | R15: 65 | S15: 0 | T15: 0 | U15: 0 | V15: 0 | W15: 0 | X15: 0 | Y15: 0 | Z15: 0 | AA15: 0 | AB15: 0 | AC15: 0 | AD15: 0 | AE15: 0 | AF15: 0 | AG15: 0 | AH15: 0 | AI15: 0 | AJ15: 0 | AK15: 0 | AL15: 0 | AM15: 0 | AN15: 0 | AP15: 196 | AQ15: 1 | AS15: 2487 | AV15: 196 | AW15: 3 | AY15: 972
E16: 14 | F16: 1218 | G16: 3.3833333 | I16: 44575 | J16: 38 | K16: 37 | L16: 0 | M16: 0 | N16: 29 | O16: 27 | P16: 0 | Q16: 0 | R16: 65 | S16: 0 | T16: 0 | U16: 0 | V16: 0 | W16: 0 | X16: 0 | Y16: 0 | Z16: 0 | AA16: 0 | AB16: 0 | AC16: 0 | AD16: 0 | AE16: 0 | AF16: 0 | AG16: 0 | AH16: 0 | AI16: 0 | AJ16: 0 | AK16: 0 | AL16: 0 | AM16: 0 | AN16: 0 | AP16: 196 | AQ16: 1 | AS16: 2683 | AV16: 196 | AW16: 3 | AY16: 1168
E17: 15 | F17: 1246 | G17: 3.4611111 | I17: 44576 | J17: 38 | K17: 37 | L17: 0 | M17: 0 | N17: 29 | O17: 27 | P17: 0 | Q17: 0 | R17: 65 | S17: 0 | T17: 0 | U17: 0 | V17: 0 | W17: 0 | X17: 0 | Y17: 0 | Z17: 0 | AA17: 0 | AB17: 0 | AC17: 0 | AD17: 0 | AE17: 0 | AF17: 0 | AG17: 0 | AH17: 0 | AI17: 0 | AJ17: 0 | AK17: 0 | AL17: 0 | AM17: 0 | AN17: 0 | AP17: 196 | AQ17: 1 | AS17: 2879 | AV17: 196 | AW17: 3 | AX17: 3 | AY17: 1364 | AZ17: 1364
E18: 16 | F18: 1274 | G18: 3.5388889 | I18: 44577 | J18: 38 | K18: 37 | L18: 0 | M18: 0 | N18: 29 | O18: 28 | P18: 0 | Q18: 0 | R18: 65 | S18: 0 | T18: 0 | U18: 0 | V18: 0 | W18: 0 | X18: 0 | Y18: 0 | Z18: 0 | AA18: 0 | AB18: 0 | AC18: 0 | AD18: 0 | AE18: 0 | AF18: 0 | AG18: 0 | AH18: 0 | AI18: 0 | AJ18: 0 | AK18: 0 | AL18: 0 | AM18: 0 | AN18: 0 | AP18: 197 | AQ18: 1 | AS18: 3076 | AV18: 197 | AW18: 4 | AY18: 197
E19: 17 | F19: 1456 | G19: 4.0444444 | I19: 44578 | J19: 38 | K19: 38 | L19: 0 | M19: 0 | N19: 29 | O19: 28 | P19: 0 | Q19: 0 | R19: 66 | S19: 0 | T19: 0 | U19: 0 | V19: 0 | W19: 0 | X19: 0 | Y19: 0 | Z19: 0 | AA19: 0 | AB19: 0 | AC19: 0 | AD19: 0 | AE19: 0 | AF19: 0 | AG19: 0 | AH19: 0 | AI19: 0 | AJ19: 0 | AK19: 0 | AL19: 0 | AM19: 0 | AN19: 0 | AP19: 199 | AQ19: 1 | AS19: 3275 | AV19: 199 | AW19: 4 | AY19: 396
E20: 18 | F20: 1491 | G20: 4.1416667 | I20: 44579 | J20: 39 | K20: 38 | L20: 0 | M20: 0 | N20: 29 | O20: 28 | P20: 0 | Q20: 0 | R20: 66 | S20: 0 | T20: 0 | U20: 0 | V20: 0 | W20: 0 | X20: 0 | Y20: 0 | Z20: 0 | AA20: 0 | AB20: 0 | AC20: 0 | AD20: 0 | AE20: 0 | AF20: 0 | AG20: 0 | AH20: 0 | AI20: 0 | AJ20: 0 | AK20: 0 | AL20: 0 | AM20: 0 | AN20: 0 | AP20: 200 | AQ20: 1 | AS20: 3475 | AV20: 200 | AW20: 4 | AY20: 596
E21: 19 | F21: 1526 | G21: 4.2388889 | I21: 44580 | J21: 39 | K21: 38 | L21: 0 | M21: 0 | N21: 29 | O21: 28 | P21: 0 | Q21: 0 | R21: 66 | S21: 0 | T21: 0 | U21: 0 | V21: 0 | W21: 0 | X21: 0 | Y21: 0 | Z21: 0 | AA21: 0 | AB21: 0 | AC21: 0 | AD21: 0 | AE21: 0 | AF21: 0 | AG21: 0 | AH21: 0 | AI21: 0 | AJ21: 0 | AK21: 0 | AL21: 0 | AM21: 0 | AN21: 0 | AP21: 200 | AQ21: 1 | AS21: 3675 | AV21: 200 | AW21: 4 | AY21: 796
E22: 20 | F22: 1561 | G22: 4.3361111 | I22: 44581 | J22: 39 | K22: 38 | L22: 0 | M22: 0 | N22: 30 | O22: 28 | P22: 0 | Q22: 0 | R22: 66 | S22: 0 | T22: 0 | U22: 0 | V22: 0 | W22: 0 | X22: 0 | Y22: 0 | Z22: 0 | AA22: 0 | AB22: 0 | AC22: 0 | AD22: 0 | AE22: 0 | AF22: 0 | AG22: 0 | AH22: 0 | AI22: 0 | AJ22: 0 | AK22: 0 | AL22: 0 | AM22: 0 | AN22: 0 | AP22: 201 | AQ22: 1 | AS22: 3876 | AV22: 201 | AW22: 4 | AY22: 997
E23: 21 | F23: 1596 | G23: 4.4333333 | I23: 44582 | J23: 39 | K23: 38 | L23: 0 | M23: 0 | N23: 30 | O23: 28 | P23: 0 | Q23: 0 | R23: 66 | S23: 0 | T23: 0 | U23: 0 | V23: 0 | W23: 0 | X23: 0 | Y23: 0 | Z23: 0 | AA23: 0 | AB23: 0 | AC23: 0 | AD23: 0 | AE23: 0 | AF23: 0 | AG23: 0 | AH23: 0 | AI23: 0 | AJ23: 0 | AK23: 0 | AL23: 0 | AM23: 0 | AN23: 0 | AP23: 201 | AQ23: 1 | AS23: 4077 | AV23: 201 | AW23: 4 | AY23: 1198
E24: 22 | F24: 1631 | G24: 4.5305556 | I24: 44583 | J24: 39 | K24: 38 | L24: 0 | M24: 0 | N24: 30 | O24: 28 | P24: 0 | Q24: 0 | R24: 66 | S24: 0 | T24: 0 | U24: 0 | V24: 0 | W24: 0 | X24: 0 | Y24: 0 | Z24: 0 | AA24: 0 | AB24: 0 | AC24: 0 | AD24: 0 | AE24: 0 | AF24: 0 | AG24: 0 | AH24: 0 | AI24: 0 | AJ24: 0 | AK24: 0 | AL24: 0 | AM24: 0 | AN24: 0 | AP24: 201 | AQ24: 1 | AS24: 4278 | AV24: 201 | AW24: 4 | AX24: 4 | AY24: 1399 | AZ24: 1399
E25: 23 | F25: 1666 | G25: 4.6277778 | I25: 44584 | J25: 39 | K25: 38 | L25: 0 | M25: 0 | N25: 30 | O25: 29 | P25: 0 | Q25: 0 | R25: 66 | S25: 0 | T25: 0 | U25: 0 | V25: 0 | W25: 0 | X25: 0 | Y25: 0 | Z25: 0 | AA25: 0 | AB25: 0 | AC25: 0 | AD25: 0 | AE25: 0 | AF25: 0 | AG25: 0 | AH25: 0 | AI25: 0 | AJ25: 0 | AK25: 0 | AL25: 0 | AM25: 0 | AN25: 0 | AP25: 202 | AQ25: 1 | AS25: 4480 | AV25: 202 | AW25: 5 | AY25: 202
E26: 24 | F26: 1701 | G26: 4.725 | I26: 44585 | J26: 39 | K26: 39 | L26: 0 | M26: 0 | N26: 30 | O26: 29 | P26: 0 | Q26: 0 | R26: 0 | S26: 0 | T26: 0 | U26: 0 | V26: 0 | W26: 0 | X26: 0 | Y26: 0 | Z26: 0 | AA26: 0 | AB26: 0 | AC26: 0 | AD26: 0 | AE26: 0 | AF26: 0 | AG26: 0 | AH26: 0 | AI26: 0 | AJ26: 0 | AK26: 0 | AL26: 0 | AM26: 0 | AN26: 0 | AP26: 137 | AQ26: 1 | AS26: 4617 | AV26: 137 | AW26: 5 | AY26: 339
E27: 25 | F27: 1736 | G27: 4.8222222 | I27: 44586 | J27: 40 | K27: 39 | L27: 0 | M27: 0 | N27: 30 | O27: 29 | P27: 0 | Q27: 0 | R27: 0 | S27: 0 | T27: 0 | U27: 0 | V27: 0 | W27: 0 | X27: 0 | Y27: 0 | Z27: 0 | AA27: 0 | AB27: 0 | AC27: 0 | AD27: 0 | AE27: 0 | AF27: 0 | AG27: 0 | AH27: 0 | AI27: 0 | AJ27: 0 | AK27: 0 | AL27: 0 | AM27: 0 | AN27: 0 | AP27: 138 | AQ27: 1 | AS27: 4755 | AV27: 138 | AW27: 5 | AY27: 477
E28: 26 | F28: 1771 | G28: 4.9194444 | I28: 44587 | J28: 40 | K28: 39 | L28: 0 | M28: 0 | N28: 30 | O28: 29 | P28: 0 | Q28: 0 | R28: 0 | S28: 0 | T28: 0 | U28: 0 | V28: 0 | W28: 0 | X28: 0 | Y28: 0 | Z28: 0 | AA28: 0 | AB28: 0 | AC28: 0 | AD28: 0 | AE28: 0 | AF28: 0 | AG28: 0 | AH28: 0 | AI28: 0 | AJ28: 0 | AK28: 0 | AL28: 0 | AM28: 0 | AN28: 0 | AP28: 138 | AQ28: 1 | AS28: 4893 | AV28: 138 | AW28: 5 | AY28: 615
E29: 27 | F29: 1806 | G29: 5.0166667 | I29: 44588 | J29: 40 | K29: 39 | L29: 0 | M29: 0 | N29: 31 | O29: 29 | P29: 0 | Q29: 0 | R29: 0 | S29: 0 | T29: 0 | U29: 0 | V29: 0 | W29: 0 | X29: 0 | Y29: 0 | Z29: 0 | AA29: 0 | AB29: 0 | AC29: 0 | AD29: 0 | AE29: 0 | AF29: 0 | AG29: 0 | AH29: 0 | AI29: 0 | AJ29: 0 | AK29: 0 | AL29: 0 | AM29: 0 | AN29: 0 | AP29: 139 | AQ29: 1 | AS29: 5032 | AV29: 139 | AW29: 5 | AY29: 754
E30: 28 | F30: 1841 | G30: 5.1138889 | I30: 44589 | J30: 40 | K30: 39 | L30: 0 | M30: 0 | N30: 31 | O30: 29 | P30: 0 | Q30: 0 | R30: 0 | S30: 0 | T30: 0 | U30: 0 | V30: 0 | W30: 0 | X30: 0 | Y30: 0 | Z30: 0 | AA30: 0 | AB30: 0 | AC30: 0 | AD30: 0 | AE30: 0 | AF30: 0 | AG30: 0 | AH30: 0 | AI30: 0 | AJ30: 0 | AK30: 0 | AL30: 0 | AM30: 0 | AN30: 0 | AP30: 139 | AQ30: 1 | AS30: 5171 | AV30: 139 | AW30: 5 | AY30: 893
E31: 29 | F31: 1876 | G31: 5.2111111 | I31: 44590 | J31: 40 | K31: 39 | L31: 0 | M31: 0 | N31: 31 | O31: 29 | P31: 0 | Q31: 0 | R31: 0 | S31: 0 | T31: 0 | U31: 0 | V31: 0 | W31: 0 | X31: 0 | Y31: 0 | Z31: 0 | AA31: 0 | AB31: 0 | AC31: 0 | AD31: 0 | AE31: 0 | AF31: 0 | AG31: 0 | AH31: 0 | AI31: 0 | AJ31: 0 | AK31: 0 | AL31: 0 | AM31: 0 | AN31: 0 | AP31: 139 | AQ31: 1 | AS31: 5310 | AV31: 139 | AW31: 5 | AX31: 5 | AY31: 1032 | AZ31: 1032
E32: 30 | F32: 1911 | G32: 5.3083333 | I32: 44591 | J32: 40 | K32: 39 | L32: 0 | M32: 0 | N32: 31 | O32: 30 | P32: 0 | Q32: 0 | R32: 0 | S32: 0 | T32: 0 | U32: 0 | V32: 0 | W32: 0 | X32: 0 | Y32: 0 | Z32: 0 | AA32: 0 | AB32: 0 | AC32: 0 | AD32: 0 | AE32: 0 | AF32: 0 | AG32: 0 | AH32: 0 | AI32: 0 | AJ32: 0 | AK32: 0 | AL32: 0 | AM32: 0 | AN32: 0 | AP32: 140 | AQ32: 1 | AS32: 5450 | AV32: 140 | AW32: 6 | AY32: 140
E33: 31 | F33: 1946 | G33: 5.4055556 | I33: 44592 | J33: 40 | K33: 40 | L33: 0 | M33: 0 | N33: 31 | O33: 30 | P33: 0 | Q33: 0 | R33: 0 | S33: 0 | T33: 0 | U33: 0 | V33: 0 | W33: 0 | X33: 0 | Y33: 0 | Z33: 0 | AA33: 0 | AB33: 0 | AC33: 0 | AD33: 0 | AE33: 0 | AF33: 0 | AG33: 0 | AH33: 0 | AI33: 0 | AJ33: 0 | AK33: 0 | AL33: 0 | AM33: 0 | AN33: 0 | AP33: 141 | AQ33: 1 | AR33: 1 | AS33: 5591 | AT33: 5591 | AV33: 141 | AW33: 6 | AY33: 281
E34: 32 | F34: 1646 | G34: 4.5722222 | I34: 44593 | J34: 41 | K34: 40 | L34: 0 | M34: 0 | N34: 31 | O34: 30 | P34: 0 | Q34: 0 | R34: 0 | S34: 0 | T34: 0 | U34: 0 | V34: 0 | W34: 0 | X34: 0 | Y34: 0 | Z34: 0 | AA34: 0 | AB34: 0 | AC34: 0 | AD34: 0 | AE34: 0 | AF34: 0 | AG34: 0 | AH34: 0 | AI34: 0 | AJ34: 0 | AK34: 0 | AL34: 0 | AM34: 0 | AN34: 0 | AP34: 142 | AQ34: 2 | AS34: 142 | AV34: 142 | AW34: 6 | AY34: 423
E35: 33 | F35: 1140 | G35: 3.1666667 | I35: 44594 | J35: 41 | K35: 40 | L35: 0 | M35: 0 | N35: 31 | O35: 30 | P35: 0 | Q35: 0 | R35: 0 | S35: 0 | T35: 0 | U35: 0 | V35: 0 | W35: 0 | X35: 0 | Y35: 0 | Z35: 0 | AA35: 0 | AB35: 0 | AC35: 0 | AD35: 0 | AE35: 0 | AF35: 0 | AG35: 0 | AH35: 0 | AI35: 0 | AJ35: 0 | AK35: 0 | AL35: 0 | AM35: 0 | AN35: 0 | AP35: 142 | AQ35: 2 | AS35: 284 | AV35: 142 | AW35: 6 | AY35: 565
E36: 34 | F36: 1095 | G36: 3.0416667 | I36: 44595 | J36: 41 | K36: 40 | L36: 0 | M36: 0 | N36: 32 | O36: 30 | P36: 0 | Q36: 0 | R36: 0 | S36: 0 | T36: 0 | U36: 0 | V36: 0 | W36: 0 | X36: 0 | Y36: 0 | Z36: 0 | AA36: 0 | AB36: 0 | AC36: 0 | AD36: 0 | AE36: 0 | AF36: 0 | AG36: 0 | AH36: 0 | AI36: 0 | AJ36: 0 | AK36: 0 | AL36: 0 | AM36: 0 | AN36: 0 | AP36: 143 | AQ36: 2 | AS36: 427 | AV36: 143 | AW36: 6 | AY36: 708
E37: 35 | F37: 1116 | G37: 3.1 | I37: 44596 | J37: 41 | K37: 40 | L37: 0 | M37: 0 | N37: 32 | O37: 30 | P37: 0 | Q37: 0 | R37: 0 | S37: 0 | T37: 0 | U37: 0 | V37: 0 | W37: 0 | X37: 0 | Y37: 0 | Z37: 0 | AA37: 0 | AB37: 0 | AC37: 0 | AD37: 0 | AE37: 0 | AF37: 0 | AG37: 0 | AH37: 0 | AI37: 0 | AJ37: 0 | AK37: 0 | AL37: 0 | AM37: 0 | AN37: 0 | AP37: 143 | AQ37: 2 | AS37: 570 | AV37: 143 | AW37: 6 | AY37: 851
E38: 36 | F38: 1137 | G38: 3.1583333 | I38: 44597 | J38: 41 | K38: 40 | L38: 0 | M38: 0 | N38: 32 | O38: 30 | P38: 0 | Q38: 0 | R38: 0 | S38: 0 | T38: 0 | U38: 0 | V38: 0 | W38: 0 | X38: 0 | Y38: 0 | Z38: 0 | AA38: 0 | AB38: 0 | AC38: 0 | AD38: 0 | AE38: 0 | AF38: 0 | AG38: 0 | AH38: 0 | AI38: 0 | AJ38: 0 | AK38: 0 | AL38: 0 | AM38: 0 | AN38: 0 | AP38: 143 | AQ38: 2 | AS38: 713 | AV38: 143 | AW38: 6 | AX38: 6 | AY38: 994 | AZ38: 994
E39: 37 | F39: 1158 | G39: 3.2166667 | I39: 44598 | J39: 41 | K39: 40 | L39: 0 | M39: 0 | N39: 32 | O39: 31 | P39: 0 | Q39: 0 | R39: 0 | S39: 0 | T39: 0 | U39: 0 | V39: 0 | W39: 0 | X39: 0 | Y39: 0 | Z39: 0 | AA39: 0 | AB39: 0 | AC39: 0 | AD39: 0 | AE39: 0 | AF39: 0 | AG39: 0 | AH39: 0 | AI39: 0 | AJ39: 0 | AK39: 0 | AL39: 0 | AM39: 0 | AN39: 0 | AP39: 144 | AQ39: 2 | AS39: 857 | AV39: 144 | AW39: 7 | AY39: 144
E40: 38 | F40: 1179 | G40: 3.275 | I40: 44599 | J40: 41 | K40: 41 | L40: 0 | M40: 0 | N40: 32 | O40: 31 | P40: 0 | Q40: 0 | R40: 0 | S40: 0 | T40: 0 | U40: 0 | V40: 0 | W40: 0 | X40: 0 | Y40: 0 | Z40: 0 | AA40: 0 | AB40: 0 | AC40: 0 | AD40: 0 | AE40: 0 | AF40: 0 | AG40: 0 | AH40: 0 | AI40: 0 | AJ40: 0 | AK40: 0 | AL40: 0 | AM40: 0 | AN40: 0 | AP40: 145 | AQ40: 2 | AS40: 1002 | AV40: 145 | AW40: 7 | AY40: 289
E41: 39 | F41: 1200 | G41: 3.3333333 | I41: 44600 | J41: 42 | K41: 41 | L41: 0 | M41: 0 | N41: 32 | O41: 31 | P41: 0 | Q41: 0 | R41: 0 | S41: 0 | T41: 0 | U41: 0 | V41: 0 | W41: 0 | X41: 0 | Y41: 0 | Z41: 0 | AA41: 0 | AB41: 0 | AC41: 0 | AD41: 0 | AE41: 0 | AF41: 0 | AG41: 0 | AH41: 0 | AI41: 0 | AJ41: 0 | AK41: 0 | AL41: 0 | AM41: 0 | AN41: 0 | AP41: 146 | AQ41: 2 | AS41: 1148 | AV41: 146 | AW41: 7 | AY41: 435
E42: 40 | F42: 1221 | G42: 3.3916667 | I42: 44601 | J42: 42 | K42: 41 | L42: 0 | M42: 0 | N42: 32 | O42: 31 | P42: 0 | Q42: 0 | R42: 0 | S42: 0 | T42: 0 | U42: 0 | V42: 0 | W42: 0 | X42: 0 | Y42: 0 | Z42: 0 | AA42: 0 | AB42: 0 | AC42: 0 | AD42: 0 | AE42: 0 | AF42: 0 | AG42: 0 | AH42: 0 | AI42: 0 | AJ42: 0 | AK42: 0 | AL42: 0 | AM42: 0 | AN42: 0 | AP42: 146 | AQ42: 2 | AS42: 1294 | AV42: 146 | AW42: 7 | AY42: 581
E43: 41 | F43: 1041 | G43: 2.8916667 | I43: 44602 | J43: 42 | K43: 41 | L43: 0 | M43: 0 | N43: 33 | O43: 31 | P43: 0 | Q43: 0 | R43: 0 | S43: 0 | T43: 0 | U43: 0 | V43: 0 | W43: 0 | X43: 0 | Y43: 0 | Z43: 0 | AA43: 0 | AB43: 0 | AC43: 0 | AD43: 0 | AE43: 0 | AF43: 0 | AG43: 0 | AH43: 0 | AI43: 0 | AJ43: 0 | AK43: 0 | AL43: 0 | AM43: 0 | AN43: 0 | AP43: 147 | AQ43: 2 | AS43: 1441 | AV43: 147 | AW43: 7 | AY43: 728
E44: 42 | F44: 791 | G44: 2.1972222 | I44: 44603 | J44: 42 | K44: 41 | L44: 0 | M44: 0 | N44: 33 | O44: 31 | P44: 0 | Q44: 0 | R44: 0 | S44: 0 | T44: 0 | U44: 0 | V44: 0 | W44: 0 | X44: 0 | Y44: 0 | Z44: 0 | AA44: 0 | AB44: 0 | AC44: 0 | AD44: 0 | AE44: 0 | AF44: 0 | AG44: 0 | AH44: 0 | AI44: 0 | AJ44: 0 | AK44: 0 | AL44: 0 | AM44: 0 | AN44: 0 | AP44: 147 | AQ44: 2 | AS44: 1588 | AV44: 147 | AW44: 7 | AY44: 875
E45: 43 | F45: 424 | G45: 1.1777778 | I45: 44604 | J45: 42 | K45: 41 | L45: 0 | M45: 0 | N45: 33 | O45: 31 | P45: 0 | Q45: 0 | R45: 0 | S45: 0 | T45: 0 | U45: 0 | V45: 0 | W45: 0 | X45: 0 | Y45: 0 | Z45: 0 | AA45: 0 | AB45: 0 | AC45: 0 | AD45: 0 | AE45: 0 | AF45: 0 | AG45: 0 | AH45: 0 | AI45: 0 | AJ45: 0 | AK45: 0 | AL45: 0 | AM45: 0 | AN45: 0 | AP45: 147 | AQ45: 2 | AS45: 1735 | AV45: 147 | AW45: 7 | AX45: 7 | AY45: 1022 | AZ45: 1022
E46: 44 | F46: 589 | G46: 1.6361111 | I46: 44605 | J46: 42 | K46: 41 | L46: 0 | M46: 0 | N46: 33 | O46: 32 | P46: 0 | Q46: 0 | R46: 0 | S46: 0 | T46: 0 | U46: 0 | V46: 0 | W46: 0 | X46: 0 | Y46: 0 | Z46: 0 | AA46: 0 | AB46: 0 | AC46: 0 | AD46: 0 | AE46: 0 | AF46: 0 | AG46: 0 | AH46: 0 | AI46: 0 | AJ46: 0 | AK46: 0 | AL46: 0 | AM46: 0 | AN46: 0 | AP46: 148 | AQ46: 2 | AS46: 1883 | AV46: 148 | AW46: 8 | AY46: 148
E47: 45 | F47: 673 | G47: 1.8694444 | I47: 44606 | J47: 42 | K47: 42 | L47: 0 | M47: 0 | N47: 33 | O47: 32 | P47: 0 | Q47: 0 | R47: 0 | S47: 0 | T47: 0 | U47: 0 | V47: 0 | W47: 0 | X47: 0 | Y47: 0 | Z47: 0 | AA47: 0 | AB47: 0 | AC47: 0 | AD47: 0 | AE47: 0 | AF47: 0 | AG47: 0 | AH47: 0 | AI47: 0 | AJ47: 0 | AK47: 0 | AL47: 0 | AM47: 0 | AN47: 0 | AP47: 149 | AQ47: 2 | AS47: 2032 | AV47: 149 | AW47: 8 | AY47: 297
E48: 46 | F48: 694 | G48: 1.9277778 | I48: 44607 | J48: 43 | K48: 42 | L48: 0 | M48: 0 | N48: 33 | O48: 32 | P48: 0 | Q48: 0 | R48: 0 | S48: 0 | T48: 0 | U48: 0 | V48: 0 | W48: 0 | X48: 0 | Y48: 0 | Z48: 0 | AA48: 0 | AB48: 0 | AC48: 0 | AD48: 0 | AE48: 0 | AF48: 0 | AG48: 0 | AH48: 0 | AI48: 0 | AJ48: 0 | AK48: 0 | AL48: 0 | AM48: 0 | AN48: 0 | AP48: 150 | AQ48: 2 | AS48: 2182 | AV48: 150 | AW48: 8 | AY48: 447
E49: 47 | F49: 715 | G49: 1.9861111 | I49: 44608 | J49: 43 | K49: 42 | L49: 0 | M49: 0 | N49: 33 | O49: 32 | P49: 0 | Q49: 0 | R49: 0 | S49: 0 | T49: 0 | U49: 0 | V49: 0 | W49: 0 | X49: 0 | Y49: 0 | Z49: 0 | AA49: 0 | AB49: 0 | AC49: 0 | AD49: 0 | AE49: 0 | AF49: 0 | AG49: 0 | AH49: 0 | AI49: 0 | AJ49: 0 | AK49: 0 | AL49: 0 | AM49: 0 | AN49: 0 | AP49: 150 | AQ49: 2 | AS49: 2332 | AV49: 150 | AW49: 8 | AY49: 597
E50: 48 | F50: 736 | G50: 2.0444444 | I50: 44609 | J50: 43 | K50: 42 | L50: 0 | M50: 0 | N50: 34 | O50: 32 | P50: 0 | Q50: 0 | R50: 0 | S50: 0 | T50: 0 | U50: 0 | V50: 0 | W50: 0 | X50: 0 | Y50: 0 | Z50: 0 | AA50: 0 | AB50: 0 | AC50: 0 | AD50: 0 | AE50: 0 | AF50: 0 | AG50: 0 | AH50: 0 | AI50: 0 | AJ50: 0 | AK50: 0 | AL50: 0 | AM50: 0 | AN50: 0 | AP50: 151 | AQ50: 2 | AS50: 2483 | AV50: 151 | AW50: 8 | AY50: 748
E51: 49 | F51: 845 | G51: 2.3472222 | I51: 44610 | J51: 43 | K51: 42 | L51: 0 | M51: 0 | N51: 34 | O51: 32 | P51: 0 | Q51: 0 | R51: 0 | S51: 0 | T51: 0 | U51: 0 | V51: 0 | W51: 0 | X51: 0 | Y51: 0 | Z51: 0 | AA51: 0 | AB51: 0 | AC51: 0 | AD51: 0 | AE51: 0 | AF51: 0 | AG51: 0 | AH51: 0 | AI51: 0 | AJ51: 0 | AK51: 0 | AL51: 0 | AM51: 0 | AN51: 0 | AP51: 151 | AQ51: 2 | AS51: 2634 | AV51: 151 | AW51: 8 | AY51: 899
E52: 50 | F52: 1024 | G52: 2.8444444 | I52: 44611 | J52: 43 | K52: 42 | L52: 0 | M52: 0 | N52: 34 | O52: 32 | P52: 0 | Q52: 0 | R52: 0 | S52: 0 | T52: 0 | U52: 0 | V52: 0 | W52: 0 | X52: 0 | Y52: 0 | Z52: 0 | AA52: 0 | AB52: 0 | AC52: 0 | AD52: 0 | AE52: 0 | AF52: 0 | AG52: 0 | AH52: 0 | AI52: 0 | AJ52: 0 | AK52: 0 | AL52: 0 | AM52: 0 | AN52: 0 | AP52: 151 | AQ52: 2 | AS52: 2785 | AV52: 151 | AW52: 8 | AX52: 8 | AY52: 1050 | AZ52: 1050
E53: 51 | F53: 1122 | G53: 3.1166667 | I53: 44612 | J53: 43 | K53: 42 | L53: 0 | M53: 0 | N53: 34 | O53: 33 | P53: 0 | Q53: 0 | R53: 0 | S53: 0 | T53: 0 | U53: 0 | V53: 0 | W53: 0 | X53: 0 | Y53: 0 | Z53: 0 | AA53: 0 | AB53: 0 | AC53: 0 | AD53: 0 | AE53: 0 | AF53: 0 | AG53: 0 | AH53: 0 | AI53: 0 | AJ53: 0 | AK53: 0 | AL53: 0 | AM53: 0 | AN53: 0 | AP53: 152 | AQ53: 2 | AS53: 2937 | AV53: 152 | AW53: 9 | AY53: 152
E54: 52 | F54: 1157 | G54: 3.2138889 | I54: 44613 | J54: 43 | K54: 43 | L54: 0 | M54: 0 | N54: 34 | O54: 33 | P54: 0 | Q54: 0 | R54: 0 | S54: 0 | T54: 0 | U54: 0 | V54: 0 | W54: 0 | X54: 0 | Y54: 0 | Z54: 0 | AA54: 0 | AB54: 0 | AC54: 0 | AD54: 0 | AE54: 0 | AF54: 0 | AG54: 0 | AH54: 0 | AI54: 0 | AJ54: 0 | AK54: 0 | AL54: 0 | AM54: 0 | AN54: 0 | AP54: 153 | AQ54: 2 | AS54: 3090 | AV54: 153 | AW54: 9 | AY54: 305
E55: 53 | F55: 1192 | G55: 3.3111111 | I55: 44614 | J55: 44 | K55: 43 | L55: 0 | M55: 0 | N55: 34 | O55: 33 | P55: 0 | Q55: 0 | R55: 0 | S55: 0 | T55: 0 | U55: 0 | V55: 0 | W55: 0 | X55: 0 | Y55: 0 | Z55: 0 | AA55: 0 | AB55: 0 | AC55: 0 | AD55: 0 | AE55: 0 | AF55: 0 | AG55: 0 | AH55: 0 | AI55: 0 | AJ55: 0 | AK55: 0 | AL55: 0 | AM55: 0 | AN55: 0 | AP55: 154 | AQ55: 2 | AS55: 3244 | AV55: 154 | AW55: 9 | AY55: 459
I56: 44615 | J56: 44 | K56: 43 | L56: 0 | M56: 0 | N56: 34 | O56: 33 | P56: 0 | Q56: 0 | R56: 0 | S56: 0 | T56: 0 | U56: 0 | V56: 0 | W56: 0 | X56: 0 | Y56: 0 | Z56: 0 | AA56: 0 | AB56: 0 | AC56: 0 | AD56: 0 | AE56: 0 | AF56: 0 | AG56: 0 | AH56: 0 | AI56: 0 | AJ56: 0 | AK56: 0 | AL56: 0 | AM56: 0 | AN56: 0 | AP56: 154 | AQ56: 2 | AS56: 3398 | AV56: 154 | AW56: 9 | AY56: 613
E57: 2022 | F57: 65194 | G57: 181.09444 | I57: 44616 | J57: 44 | K57: 43 | L57: 0 | M57: 0 | N57: 35 | O57: 33 | P57: 0 | Q57: 0 | R57: 0 | S57: 0 | T57: 0 | U57: 0 | V57: 0 | W57: 0 | X57: 0 | Y57: 0 | Z57: 0 | AA57: 0 | AB57: 0 | AC57: 0 | AD57: 0 | AE57: 0 | AF57: 0 | AG57: 0 | AH57: 0 | AI57: 0 | AJ57: 0 | AK57: 0 | AL57: 0 | AM57: 0 | AN57: 0 | AP57: 155 | AQ57: 2 | AS57: 3553 | AV57: 155 | AW57: 9 | AY57: 768
I58: 44617 | J58: 44 | K58: 43 | L58: 0 | M58: 0 | N58: 35 | O58: 33 | P58: 0 | Q58: 0 | R58: 0 | S58: 0 | T58: 0 | U58: 0 | V58: 0 | W58: 0 | X58: 0 | Y58: 0 | Z58: 0 | AA58: 0 | AB58: 0 | AC58: 0 | AD58: 0 | AE58: 0 | AF58: 0 | AG58: 0 | AH58: 0 | AI58: 0 | AJ58: 0 | AK58: 0 | AL58: 0 | AM58: 0 | AN58: 0 | AP58: 155 | AQ58: 2 | AS58: 3708 | AV58: 155 | AW58: 9 | AY58: 923
B59: Mês | C59: Ovos Totais | F59: Ovos Totais | G59: Caixas | I59: 44618 | J59: 44 | K59: 43 | L59: 0 | M59: 0 | N59: 35 | O59: 33 | P59: 0 | Q59: 0 | R59: 0 | S59: 0 | T59: 0 | U59: 0 | V59: 0 | W59: 0 | X59: 0 | Y59: 0 | Z59: 0 | AA59: 0 | AB59: 0 | AC59: 0 | AD59: 0 | AE59: 0 | AF59: 0 | AG59: 0 | AH59: 0 | AI59: 0 | AJ59: 0 | AK59: 0 | AL59: 0 | AM59: 0 | AN59: 0 | AP59: 155 | AQ59: 2 | AS59: 3863 | AV59: 155 | AW59: 9 | AX59: 9 | AY59: 1078 | AZ59: 1078
A60: 1 | B60: Jan | C60: 5697 | E60: 1 | F60: 1227 | G60: 3.4083333 | I60: 44619 | J60: 44 | K60: 43 | L60: 0 | M60: 0 | N60: 35 | O60: 34 | P60: 0 | Q60: 0 | R60: 0 | S60: 0 | T60: 0 | U60: 0 | V60: 0 | W60: 0 | X60: 0 | Y60: 0 | Z60: 0 | AA60: 0 | AB60: 0 | AC60: 0 | AD60: 0 | AE60: 0 | AF60: 0 | AG60: 0 | AH60: 0 | AI60: 0 | AJ60: 0 | AK60: 0 | AL60: 0 | AM60: 0 | AN60: 0 | AP60: 156 | AQ60: 2 | AS60: 4019 | AV60: 156 | AW60: 10 | AY60: 156
A61: 2 | B61: Fev | C61: 5537 | E61: 2 | F61: 1262 | G61: 3.5055556 | I61: 44620 | J61: 44 | K61: 44 | L61: 0 | M61: 0 | N61: 35 | O61: 34 | P61: 0 | Q61: 0 | R61: 0 | S61: 0 | T61: 0 | U61: 0 | V61: 0 | W61: 0 | X61: 0 | Y61: 0 | Z61: 0 | AA61: 0 | AB61: 0 | AC61: 0 | AD61: 0 | AE61: 0 | AF61: 0 | AG61: 0 | AH61: 0 | AI61: 0 | AJ61: 0 | AK61: 0 | AL61: 0 | AM61: 0 | AN61: 0 | AP61: 157 | AQ61: 2 | AR61: 2 | AS61: 4176 | AT61: 4176 | AV61: 157 | AW61: 10 | AY61: 313
A62: 3 | B62: Mar | C62: 4866 | E62: 3 | F62: 1297 | G62: 3.6027778 | I62: 44621 | J62: 45 | K62: 44 | L62: 0 | M62: 0 | N62: 35 | O62: 34 | P62: 0 | Q62: 0 | R62: 0 | S62: 0 | T62: 0 | U62: 0 | V62: 0 | W62: 0 | X62: 0 | Y62: 0 | Z62: 0 | AA62: 0 | AB62: 0 | AC62: 0 | AD62: 0 | AE62: 0 | AF62: 0 | AG62: 0 | AH62: 0 | AI62: 0 | AJ62: 0 | AK62: 0 | AL62: 0 | AM62: 0 | AN62: 0 | AP62: 158 | AQ62: 3 | AS62: 158 | AV62: 158 | AW62: 10 | AY62: 471
A63: 4 | B63: Abr | C63: 5228 | E63: 4 | F63: 1332 | G63: 3.7 | I63: 44622 | J63: 45 | K63: 44 | L63: 0 | M63: 0 | N63: 35 | O63: 34 | P63: 0 | Q63: 0 | R63: 0 | S63: 0 | T63: 0 | U63: 0 | V63: 0 | W63: 0 | X63: 0 | Y63: 0 | Z63: 0 | AA63: 0 | AB63: 0 | AC63: 0 | AD63: 0 | AE63: 0 | AF63: 0 | AG63: 0 | AH63: 0 | AI63: 0 | AJ63: 0 | AK63: 0 | AL63: 0 | AM63: 0 | AN63: 0 | AP63: 158 | AQ63: 3 | AS63: 316 | AV63: 158 | AW63: 10 | AY63: 629
A64: 5 | B64: Mai | C64: 5942 | E64: 5 | F64: 1367 | G64: 3.7972222 | I64: 44623 | J64: 45 | K64: 44 | L64: 0 | M64: 0 | N64: 36 | O64: 34 | P64: 0 | Q64: 0 | R64: 0 | S64: 0 | T64: 0 | U64: 0 | V64: 0 | W64: 0 | X64: 0 | Y64: 0 | Z64: 0 | AA64: 0 | AB64: 0 | AC64: 0 | AD64: 0 | AE64: 0 | AF64: 0 | AG64: 0 | AH64: 0 | AI64: 0 | AJ64: 0 | AK64: 0 | AL64: 0 | AM64: 0 | AN64: 0 | AP64: 159 | AQ64: 3 | AS64: 475 | AV64: 159 | AW64: 10 | AY64: 788
A65: 6 | B65: Jun | C65: 6276 | E65: 6 | F65: 1402 | G65: 3.8944444 | I65: 44624 | J65: 45 | K65: 44 | L65: 0 | M65: 0 | N65: 36 | O65: 34 | P65: 0 | Q65: 0 | R65: 0 | S65: 0 | T65: 0 | U65: 0 | V65: 0 | W65: 0 | X65: 0 | Y65: 0 | Z65: 0 | AA65: 0 | AB65: 0 | AC65: 0 | AD65: 0 | AE65: 0 | AF65: 0 | AG65: 0 | AH65: 0 | AI65: 0 | AJ65: 0 | AK65: 0 | AL65: 0 | AM65: 0 | AN65: 0 | AP65: 159 | AQ65: 3 | AS65: 634 | AV65: 159 | AW65: 10 | AY65: 947
A66: 7 | B66: Jul | C66: 7022 | E66: 7 | F66: 1437 | G66: 3.9916667 | I66: 44625 | J66: 45 | K66: 44 | L66: 0 | M66: 0 | N66: 36 | O66: 34 | P66: 0 | Q66: 0 | R66: 0 | S66: 0 | T66: 0 | U66: 0 | V66: 0 | W66: 0 | X66: 0 | Y66: 0 | Z66: 0 | AA66: 0 | AB66: 0 | AC66: 0 | AD66: 0 | AE66: 0 | AF66: 0 | AG66: 0 | AH66: 0 | AI66: 0 | AJ66: 0 | AK66: 0 | AL66: 0 | AM66: 0 | AN66: 0 | AP66: 159 | AQ66: 3 | AS66: 793 | AV66: 159 | AW66: 10 | AX66: 10 | AY66: 1106 | AZ66: 1106
A67: 8 | B67: Ago | C67: 7574 | E67: 8 | F67: 1472 | G67: 4.0888889 | I67: 44626 | J67: 45 | K67: 44 | L67: 0 | M67: 0 | N67: 36 | O67: 35 | P67: 0 | Q67: 0 | R67: 0 | S67: 0 | T67: 0 | U67: 0 | V67: 0 | W67: 0 | X67: 0 | Y67: 0 | Z67: 0 | AA67: 0 | AB67: 0 | AC67: 0 | AD67: 0 | AE67: 0 | AF67: 0 | AG67: 0 | AH67: 0 | AI67: 0 | AJ67: 0 | AK67: 0 | AL67: 0 | AM67: 0 | AN67: 0 | AP67: 160 | AQ67: 3 | AS67: 953 | AV67: 160 | AW67: 11 | AY67: 160
A68: 9 | B68: Set | C68: 6805 | E68: 9 | F68: 1038 | G68: 2.8833333 | I68: 44627 | J68: 45 | K68: 45 | L68: 0 | M68: 0 | N68: 36 | O68: 35 | P68: 0 | Q68: 0 | R68: 0 | S68: 0 | T68: 0 | U68: 0 | V68: 0 | W68: 0 | X68: 0 | Y68: 0 | Z68: 0 | AA68: 0 | AB68: 0 | AC68: 0 | AD68: 0 | AE68: 0 | AF68: 0 | AG68: 0 | AH68: 0 | AI68: 0 | AJ68: 0 | AK68: 0 | AL68: 0 | AM68: 0 | AN68: 0 | AP68: 161 | AQ68: 3 | AS68: 1114 | AV68: 161 | AW68: 11 | AY68: 321
A69: 10 | B69: Out | C69: 1766 | E69: 10 | F69: 1066 | G69: 2.9611111 | I69: 44628 | J69: 46 | K69: 45 | L69: 0 | M69: 0 | N69: 36 | O69: 35 | P69: 0 | Q69: 0 | R69: 0 | S69: 0 | T69: 0 | U69: 0 | V69: 0 | W69: 0 | X69: 0 | Y69: 0 | Z69: 0 | AA69: 0 | AB69: 0 | AC69: 0 | AD69: 0 | AE69: 0 | AF69: 0 | AG69: 0 | AH69: 0 | AI69: 0 | AJ69: 0 | AK69: 0 | AL69: 0 | AM69: 0 | AN69: 0 | AP69: 162 | AQ69: 3 | AS69: 1276 | AV69: 162 | AW69: 11 | AY69: 483
A70: 11 | B70: Nov | C70: 0 | E70: 11 | F70: 1094 | G70: 3.0388889 | I70: 44629 | J70: 46 | K70: 45 | L70: 0 | M70: 0 | N70: 36 | O70: 35 | P70: 0 | Q70: 0 | R70: 0 | S70: 0 | T70: 0 | U70: 0 | V70: 0 | W70: 0 | X70: 0 | Y70: 0 | Z70: 0 | AA70: 0 | AB70: 0 | AC70: 0 | AD70: 0 | AE70: 0 | AF70: 0 | AG70: 0 | AH70: 0 | AI70: 0 | AJ70: 0 | AK70: 0 | AL70: 0 | AM70: 0 | AN70: 0 | AP70: 162 | AQ70: 3 | AS70: 1438 | AV70: 162 | AW70: 11 | AY70: 645
A71: 12 | B71: Dez | C71: 0 | E71: 12 | F71: 1122 | G71: 3.1166667 | I71: 44630 | J71: 46 | K71: 45 | L71: 0 | M71: 0 | N71: 37 | O71: 35 | P71: 0 | Q71: 0 | R71: 0 | S71: 0 | T71: 0 | U71: 0 | V71: 0 | W71: 0 | X71: 0 | Y71: 0 | Z71: 0 | AA71: 0 | AB71: 0 | AC71: 0 | AD71: 0 | AE71: 0 | AF71: 0 | AG71: 0 | AH71: 0 | AI71: 0 | AJ71: 0 | AK71: 0 | AL71: 0 | AM71: 0 | AN71: 0 | AP71: 163 | AQ71: 3 | AS71: 1601 | AV71: 163 | AW71: 11 | AY71: 808
B72: 2023 | C72: 56713 | E72: 13 | F72: 1150 | G72: 3.1944444 | I72: 44631 | J72: 46 | K72: 45 | L72: 0 | M72: 0 | N72: 37 | O72: 35 | P72: 0 | Q72: 0 | R72: 0 | S72: 0 | T72: 0 | U72: 0 | V72: 0 | W72: 0 | X72: 0 | Y72: 0 | Z72: 0 | AA72: 0 | AB72: 0 | AC72: 0 | AD72: 0 | AE72: 0 | AF72: 0 | AG72: 0 | AH72: 0 | AI72: 0 | AJ72: 0 | AK72: 0 | AL72: 0 | AM72: 0 | AN72: 0 | AP72: 163 | AQ72: 3 | AS72: 1764 | AV72: 163 | AW72: 11 | AY72: 971
E73: 14 | F73: 1178 | G73: 3.2722222 | I73: 44632 | J73: 46 | K73: 45 | L73: 0 | M73: 0 | N73: 37 | O73: 35 | P73: 0 | Q73: 0 | R73: 0 | S73: 0 | T73: 0 | U73: 0 | V73: 0 | W73: 0 | X73: 0 | Y73: 0 | Z73: 0 | AA73: 0 | AB73: 0 | AC73: 0 | AD73: 0 | AE73: 0 | AF73: 0 | AG73: 0 | AH73: 0 | AI73: 0 | AJ73: 0 | AK73: 0 | AL73: 0 | AM73: 0 | AN73: 0 | AP73: 163 | AQ73: 3 | AS73: 1927 | AV73: 163 | AW73: 11 | AX73: 11 | AY73: 1134 | AZ73: 1134
E74: 15 | F74: 1206 | G74: 3.35 | I74: 44633 | J74: 46 | K74: 45 | L74: 0 | M74: 0 | N74: 37 | O74: 36 | P74: 0 | Q74: 0 | R74: 0 | S74: 0 | T74: 0 | U74: 0 | V74: 0 | W74: 0 | X74: 0 | Y74: 0 | Z74: 0 | AA74: 0 | AB74: 0 | AC74: 0 | AD74: 0 | AE74: 0 | AF74: 0 | AG74: 0 | AH74: 0 | AI74: 0 | AJ74: 0 | AK74: 0 | AL74: 0 | AM74: 0 | AN74: 0 | AP74: 164 | AQ74: 3 | AS74: 2091 | AV74: 164 | AW74: 12 | AY74: 164
E75: 16 | F75: 1234 | G75: 3.4277778 | I75: 44634 | J75: 46 | K75: 46 | L75: 0 | M75: 0 | N75: 37 | O75: 36 | P75: 0 | Q75: 0 | R75: 0 | S75: 0 | T75: 0 | U75: 0 | V75: 0 | W75: 0 | X75: 0 | Y75: 0 | Z75: 0 | AA75: 0 | AB75: 0 | AC75: 0 | AD75: 0 | AE75: 0 | AF75: 0 | AG75: 0 | AH75: 0 | AI75: 0 | AJ75: 0 | AK75: 0 | AL75: 0 | AM75: 0 | AN75: 0 | AP75: 165 | AQ75: 3 | AS75: 2256 | AV75: 165 | AW75: 12 | AY75: 329
E76: 17 | F76: 1262 | G76: 3.5055556 | I76: 44635 | J76: 47 | K76: 46 | L76: 0 | M76: 0 | N76: 37 | O76: 36 | P76: 0 | Q76: 0 | R76: 0 | S76: 0 | T76: 0 | U76: 0 | V76: 0 | W76: 0 | X76: 0 | Y76: 0 | Z76: 0 | AA76: 0 | AB76: 0 | AC76: 0 | AD76: 0 | AE76: 0 | AF76: 0 | AG76: 0 | AH76: 0 | AI76: 0 | AJ76: 0 | AK76: 0 | AL76: 0 | AM76: 0 | AN76: 0 | AP76: 166 | AQ76: 3 | AS76: 2422 | AV76: 166 | AW76: 12 | AY76: 495
E77: 18 | F77: 1290 | G77: 3.5833333 | I77: 44636 | J77: 47 | K77: 46 | L77: 0 | M77: 0 | N77: 37 | O77: 36 | P77: 0 | Q77: 0 | R77: 0 | S77: 0 | T77: 0 | U77: 0 | V77: 0 | W77: 0 | X77: 0 | Y77: 0 | Z77: 0 | AA77: 0 | AB77: 0 | AC77: 0 | AD77: 0 | AE77: 0 | AF77: 0 | AG77: 0 | AH77: 0 | AI77: 0 | AJ77: 0 | AK77: 0 | AL77: 0 | AM77: 0 | AN77: 0 | AP77: 166 | AQ77: 3 | AS77: 2588 | AV77: 166 | AW77: 12 | AY77: 661
E78: 19 | F78: 1318 | G78: 3.6611111 | I78: 44637 | J78: 47 | K78: 46 | L78: 0 | M78: 0 | N78: 38 | O78: 36 | P78: 0 | Q78: 0 | R78: 0 | S78: 0 | T78: 0 | U78: 0 | V78: 0 | W78: 0 | X78: 0 | Y78: 0 | Z78: 0 | AA78: 0 | AB78: 0 | AC78: 0 | AD78: 0 | AE78: 0 | AF78: 0 | AG78: 0 | AH78: 0 | AI78: 0 | AJ78: 0 | AK78: 0 | AL78: 0 | AM78: 0 | AN78: 0 | AP78: 167 | AQ78: 3 | AS78: 2755 | AV78: 167 | AW78: 12 | AY78: 828
E79: 20 | F79: 1346 | G79: 3.7388889 | I79: 44638 | J79: 47 | K79: 46 | L79: 0 | M79: 0 | N79: 38 | O79: 36 | P79: 0 | Q79: 0 | R79: 0 | S79: 0 | T79: 0 | U79: 0 | V79: 0 | W79: 0 | X79: 0 | Y79: 0 | Z79: 0 | AA79: 0 | AB79: 0 | AC79: 0 | AD79: 0 | AE79: 0 | AF79: 0 | AG79: 0 | AH79: 0 | AI79: 0 | AJ79: 0 | AK79: 0 | AL79: 0 | AM79: 0 | AN79: 0 | AP79: 167 | AQ79: 3 | AS79: 2922 | AV79: 167 | AW79: 12 | AY79: 995
E80: 21 | F80: 1374 | G80: 3.8166667 | I80: 44639 | J80: 47 | K80: 46 | L80: 0 | M80: 0 | N80: 38 | O80: 36 | P80: 0 | Q80: 0 | R80: 0 | S80: 0 | T80: 0 | U80: 0 | V80: 0 | W80: 0 | X80: 0 | Y80: 0 | Z80: 0 | AA80: 0 | AB80: 0 | AC80: 0 | AD80: 0 | AE80: 0 | AF80: 0 | AG80: 0 | AH80: 0 | AI80: 0 | AJ80: 0 | AK80: 0 | AL80: 0 | AM80: 0 | AN80: 0 | AP80: 167 | AQ80: 3 | AS80: 3089 | AV80: 167 | AW80: 12 | AX80: 12 | AY80: 1162 | AZ80: 1162
E81: 22 | F81: 1402 | G81: 3.8944444 | I81: 44640 | J81: 47 | K81: 46 | L81: 0 | M81: 0 | N81: 38 | O81: 37 | P81: 0 | Q81: 0 | R81: 0 | S81: 0 | T81: 0 | U81: 0 | V81: 0 | W81: 0 | X81: 0 | Y81: 0 | Z81: 0 | AA81: 0 | AB81: 0 | AC81: 0 | AD81: 0 | AE81: 0 | AF81: 0 | AG81: 0 | AH81: 0 | AI81: 0 | AJ81: 0 | AK81: 0 | AL81: 0 | AM81: 0 | AN81: 0 | AP81: 168 | AQ81: 3 | AS81: 3257 | AV81: 168 | AW81: 13 | AY81: 168
E82: 23 | F82: 1430 | G82: 3.9722222 | I82: 44641 | J82: 47 | K82: 47 | L82: 0 | M82: 0 | N82: 38 | O82: 37 | P82: 0 | Q82: 0 | R82: 0 | S82: 0 | T82: 0 | U82: 0 | V82: 0 | W82: 0 | X82: 0 | Y82: 0 | Z82: 0 | AA82: 0 | AB82: 0 | AC82: 0 | AD82: 0 | AE82: 0 | AF82: 0 | AG82: 0 | AH82: 0 | AI82: 0 | AJ82: 0 | AK82: 0 | AL82: 0 | AM82: 0 | AN82: 0 | AP82: 169 | AQ82: 3 | AS82: 3426 | AV82: 169 | AW82: 13 | AY82: 337
E83: 24 | F83: 1458 | G83: 4.05 | I83: 44642 | J83: 48 | K83: 47 | L83: 0 | M83: 0 | N83: 38 | O83: 37 | P83: 0 | Q83: 0 | R83: 0 | S83: 0 | T83: 0 | U83: 0 | V83: 0 | W83: 0 | X83: 0 | Y83: 0 | Z83: 0 | AA83: 0 | AB83: 0 | AC83: 0 | AD83: 0 | AE83: 0 | AF83: 0 | AG83: 0 | AH83: 0 | AI83: 0 | AJ83: 0 | AK83: 0 | AL83: 0 | AM83: 0 | AN83: 0 | AP83: 170 | AQ83: 3 | AS83: 3596 | AV83: 170 | AW83: 13 | AY83: 507
E84: 25 | F84: 1486 | G84: 4.1277778 | I84: 44643 | J84: 48 | K84: 47 | L84: 0 | M84: 0 | N84: 38 | O84: 37 | P84: 0 | Q84: 0 | R84: 0 | S84: 0 | T84: 0 | U84: 0 | V84: 0 | W84: 0 | X84: 0 | Y84: 0 | Z84: 0 | AA84: 0 | AB84: 0 | AC84: 0 | AD84: 0 | AE84: 0 | AF84: 0 | AG84: 0 | AH84: 0 | AI84: 0 | AJ84: 0 | AK84: 0 | AL84: 0 | AM84: 0 | AN84: 0 | AP84: 170 | AQ84: 3 | AS84: 3766 | AV84: 170 | AW84: 13 | AY84: 677
E85: 26 | F85: 1514 | G85: 4.2055556 | I85: 44644 | J85: 48 | K85: 47 | L85: 0 | M85: 0 | N85: 39 | O85: 37 | P85: 0 | Q85: 0 | R85: 0 | S85: 0 | T85: 0 | U85: 0 | V85: 0 | W85: 0 | X85: 0 | Y85: 0 | Z85: 0 | AA85: 0 | AB85: 0 | AC85: 0 | AD85: 0 | AE85: 0 | AF85: 0 | AG85: 0 | AH85: 0 | AI85: 0 | AJ85: 0 | AK85: 0 | AL85: 0 | AM85: 0 | AN85: 0 | AP85: 171 | AQ85: 3 | AS85: 3937 | AV85: 171 | AW85: 13 | AY85: 848
E86: 27 | F86: 1542 | G86: 4.2833333 | I86: 44645 | J86: 48 | K86: 47 | L86: 0 | M86: 0 | N86: 39 | O86: 37 | P86: 0 | Q86: 0 | R86: 0 | S86: 0 | T86: 0 | U86: 0 | V86: 0 | W86: 0 | X86: 0 | Y86: 0 | Z86: 0 | AA86: 0 | AB86: 0 | AC86: 0 | AD86: 0 | AE86: 0 | AF86: 0 | AG86: 0 | AH86: 0 | AI86: 0 | AJ86: 0 | AK86: 0 | AL86: 0 | AM86: 0 | AN86: 0 | AP86: 171 | AQ86: 3 | AS86: 4108 | AV86: 171 | AW86: 13 | AY86: 1019
E87: 28 | F87: 1570 | G87: 4.3611111 | I87: 44646 | J87: 48 | K87: 47 | L87: 0 | M87: 0 | N87: 39 | O87: 37 | P87: 0 | Q87: 0 | R87: 0 | S87: 0 | T87: 0 | U87: 0 | V87: 0 | W87: 0 | X87: 0 | Y87: 0 | Z87: 0 | AA87: 0 | AB87: 0 | AC87: 0 | AD87: 0 | AE87: 0 | AF87: 0 | AG87: 0 | AH87: 0 | AI87: 0 | AJ87: 0 | AK87: 0 | AL87: 0 | AM87: 0 | AN87: 0 | AP87: 171 | AQ87: 3 | AS87: 4279 | AV87: 171 | AW87: 13 | AX87: 13 | AY87: 1190 | AZ87: 1190
E88: 29 | F88: 1598 | G88: 4.4388889 | I88: 44647 | J88: 48 | K88: 47 | L88: 0 | M88: 0 | N88: 39 | O88: 38 | P88: 0 | Q88: 0 | R88: 0 | S88: 0 | T88: 0 | U88: 0 | V88: 0 | W88: 0 | X88: 0 | Y88: 0 | Z88: 0 | AA88: 0 | AB88: 0 | AC88: 0 | AD88: 0 | AE88: 0 | AF88: 0 | AG88: 0 | AH88: 0 | AI88: 0 | AJ88: 0 | AK88: 0 | AL88: 0 | AM88: 0 | AN88: 0 | AP88: 172 | AQ88: 3 | AS88: 4451 | AV88: 172 | AW88: 14 | AY88: 172
E89: 30 | F89: 1626 | G89: 4.5166667 | I89: 44648 | J89: 48 | K89: 48 | L89: 0 | M89: 0 | N89: 39 | O89: 38 | P89: 0 | Q89: 0 | R89: 0 | S89: 0 | T89: 0 | U89: 0 | V89: 0 | W89: 0 | X89: 0 | Y89: 0 | Z89: 0 | AA89: 0 | AB89: 0 | AC89: 0 | AD89: 0 | AE89: 0 | AF89: 0 | AG89: 0 | AH89: 0 | AI89: 0 | AJ89: 0 | AK89: 0 | AL89: 0 | AM89: 0 | AN89: 0 | AP89: 173 | AQ89: 3 | AS89: 4624 | AV89: 173 | AW89: 14 | AY89: 345
E90: 31 | F90: 1654 | G90: 4.5944444 | I90: 44649 | J90: 49 | K90: 48 | L90: 0 | M90: 0 | N90: 39 | O90: 38 | P90: 0 | Q90: 0 | R90: 0 | S90: 0 | T90: 0 | U90: 0 | V90: 0 | W90: 0 | X90: 0 | Y90: 0 | Z90: 0 | AA90: 0 | AB90: 0 | AC90: 0 | AD90: 0 | AE90: 0 | AF90: 0 | AG90: 0 | AH90: 0 | AI90: 0 | AJ90: 0 | AK90: 0 | AL90: 0 | AM90: 0 | AN90: 0 | AP90: 174 | AQ90: 3 | AS90: 4798 | AV90: 174 | AW90: 14 | AY90: 519
E91: 32 | F91: 1682 | G91: 4.6722222 | I91: 44650 | J91: 49 | K91: 48 | L91: 0 | M91: 0 | N91: 39 | O91: 38 | P91: 0 | Q91: 0 | R91: 0 | S91: 0 | T91: 0 | U91: 0 | V91: 0 | W91: 0 | X91: 0 | Y91: 0 | Z91: 0 | AA91: 0 | AB91: 0 | AC91: 0 | AD91: 0 | AE91: 0 | AF91: 0 | AG91: 0 | AH91: 0 | AI91: 0 | AJ91: 0 | AK91: 0 | AL91: 0 | AM91: 0 | AN91: 0 | AP91: 174 | AQ91: 3 | AS91: 4972 | AV91: 174 | AW91: 14 | AY91: 693
E92: 33 | F92: 1710 | G92: 4.75 | I92: 44651 | J92: 49 | K92: 48 | L92: 0 | M92: 0 | N92: 40 | O92: 38 | P92: 0 | Q92: 0 | R92: 0 | S92: 0 | T92: 0 | U92: 0 | V92: 0 | W92: 0 | X92: 0 | Y92: 0 | Z92: 0 | AA92: 0 | AB92: 0 | AC92: 0 | AD92: 0 | AE92: 0 | AF92: 0 | AG92: 0 | AH92: 0 | AI92: 0 | AJ92: 0 | AK92: 0 | AL92: 0 | AM92: 0 | AN92: 0 | AP92: 175 | AQ92: 3 | AR92: 3 | AS92: 5147 | AT92: 5147 | AV92: 175 | AW92: 14 | AY92: 868
E93: 34 | F93: 1738 | G93: 4.8277778 | I93: 44652 | J93: 49 | K93: 48 | L93: 0 | M93: 0 | N93: 40 | O93: 38 | P93: 0 | Q93: 0 | R93: 0 | S93: 0 | T93: 0 | U93: 0 | V93: 0 | W93: 0 | X93: 0 | Y93: 0 | Z93: 0 | AA93: 0 | AB93: 0 | AC93: 0 | AD93: 0 | AE93: 0 | AF93: 0 | AG93: 0 | AH93: 0 | AI93: 0 | AJ93: 0 | AK93: 0 | AL93: 0 | AM93: 0 | AN93: 0 | AP93: 175 | AQ93: 4 | AS93: 175 | AV93: 175 | AW93: 14 | AY93: 1043
E94: 35 | F94: 1766 | G94: 4.9055556 | I94: 44653 | J94: 49 | K94: 48 | L94: 0 | M94: 0 | N94: 40 | O94: 38 | P94: 0 | Q94: 0 | R94: 0 | S94: 0 | T94: 0 | U94: 0 | V94: 0 | W94: 0 | X94: 0 | Y94: 0 | Z94: 0 | AA94: 0 | AB94: 0 | AC94: 0 | AD94: 0 | AE94: 0 | AF94: 0 | AG94: 0 | AH94: 0 | AI94: 0 | AJ94: 0 | AK94: 0 | AL94: 0 | AM94: 0 | AN94: 0 | AP94: 175 | AQ94: 4 | AS94: 350 | AV94: 175 | AW94: 14 | AX94: 14 | AY94: 1218 | AZ94: 1218
E95: 36 | F95: 1794 | G95: 4.9833333 | I95: 44654 | J95: 49 | K95: 48 | L95: 0 | M95: 0 | N95: 40 | O95: 39 | P95: 0 | Q95: 0 | R95: 0 | S95: 0 | T95: 0 | U95: 0 | V95: 0 | W95: 0 | X95: 0 | Y95: 0 | Z95: 0 | AA95: 0 | AB95: 0 | AC95: 0 | AD95: 0 | AE95: 0 | AF95: 0 | AG95: 0 | AH95: 0 | AI95: 0 | AJ95: 0 | AK95: 0 | AL95: 0 | AM95: 0 | AN95: 0 | AP95: 176 | AQ95: 4 | AS95: 526 | AV95: 176 | AW95: 15 | AY95: 176
E96: 37 | F96: 1822 | G96: 5.0611111 | I96: 44655 | J96: 49 | K96: 49 | L96: 0 | M96: 0 | N96: 40 | O96: 39 | P96: 0 | Q96: 0 | R96: 0 | S96: 0 | T96: 0 | U96: 0 | V96: 0 | W96: 0 | X96: 0 | Y96: 0 | Z96: 0 | AA96: 0 | AB96: 0 | AC96: 0 | AD96: 0 | AE96: 0 | AF96: 0 | AG96: 0 | AH96: 0 | AI96: 0 | AJ96: 0 | AK96: 0 | AL96: 0 | AM96: 0 | AN96: 0 | AP96: 177 | AQ96: 4 | AS96: 703 | AV96: 177 | AW96: 15 | AY96: 353
E97: 38 | F97: 1574 | G97: 4.3722222 | I97: 44656 | J97: 50 | K97: 49 | L97: 0 | M97: 0 | N97: 40 | O97: 39 | P97: 0 | Q97: 0 | R97: 0 | S97: 0 | T97: 0 | U97: 0 | V97: 0 | W97: 0 | X97: 0 | Y97: 0 | Z97: 0 | AA97: 0 | AB97: 0 | AC97: 0 | AD97: 0 | AE97: 0 | AF97: 0 | AG97: 0 | AH97: 0 | AI97: 0 | AJ97: 0 | AK97: 0 | AL97: 0 | AM97: 0 | AN97: 0 | AP97: 178 | AQ97: 4 | AS97: 881 | AV97: 178 | AW97: 15 | AY97: 531
E98: 39 | F98: 1107 | G98: 3.075 | I98: 44657 | J98: 50 | K98: 49 | L98: 0 | M98: 0 | N98: 40 | O98: 39 | P98: 0 | Q98: 0 | R98: 0 | S98: 0 | T98: 0 | U98: 0 | V98: 0 | W98: 0 | X98: 0 | Y98: 0 | Z98: 0 | AA98: 0 | AB98: 0 | AC98: 0 | AD98: 0 | AE98: 0 | AF98: 0 | AG98: 0 | AH98: 0 | AI98: 0 | AJ98: 0 | AK98: 0 | AL98: 0 | AM98: 0 | AN98: 0 | AP98: 178 | AQ98: 4 | AS98: 1059 | AV98: 178 | AW98: 15 | AY98: 709
E99: 40 | F99: 911 | G99: 2.5305556 | I99: 44658 | J99: 50 | K99: 49 | L99: 0 | M99: 0 | N99: 41 | O99: 39 | P99: 0 | Q99: 0 | R99: 0 | S99: 0 | T99: 0 | U99: 0 | V99: 0 | W99: 0 | X99: 0 | Y99: 0 | Z99: 0 | AA99: 0 | AB99: 0 | AC99: 0 | AD99: 0 | AE99: 0 | AF99: 0 | AG99: 0 | AH99: 0 | AI99: 0 | AJ99: 0 | AK99: 0 | AL99: 0 | AM99: 0 | AN99: 0 | AP99: 179 | AQ99: 4 | AS99: 1238 | AV99: 179 | AW99: 15 | AY99: 888
E100: 41 | F100: 657 | G100: 1.825 | I100: 44659 | J100: 50 | K100: 49 | L100: 0 | M100: 0 | N100: 41 | O100: 39 | P100: 0 | Q100: 0 | R100: 0 | S100: 0 | T100: 0 | U100: 0 | V100: 0 | W100: 0 | X100: 0 | Y100: 0 | Z100: 0 | AA100: 0 | AB100: 0 | AC100: 0 | AD100: 0 | AE100: 0 | AF100: 0 | AG100: 0 | AH100: 0 | AI100: 0 | AJ100: 0 | AK100: 0 | AL100: 0 | AM100: 0 | AN100: 0 | AP100: 179 | AQ100: 4 | AS100: 1417 | AV100: 179 | AW100: 15 | AY100: 1067
...

Sheet Produção
D1: =OvoTotal!J1 -> AA | E1: =OvoTotal!K1 -> BB | F1: =OvoTotal!L1 -> CC | G1: =OvoTotal!M1 -> DD | H1: =OvoTotal!N1 -> EE | I1: =OvoTotal!O1 -> FF | J1: =OvoTotal!P1 -> GG | K1: =OvoTotal!Q1 -> HH | ... AH1: =OvoTotal!AN1 -> EEE
C2: Valor Ovo | D2: =OvoTotal!J2 -> SJ F1 A 221 R | E2: =OvoTotal!K2 -> SJ F1 B 321 R | F2: =OvoTotal!L2 -> SJ F1 A 222 R | G2: =OvoTotal!M2 -> SJ F1 B 322 R | H2: =OvoTotal!N2 -> SJ F2 A 421 R | I2: =OvoTotal!O2 -> SJ F2 B 521 R | J2: =OvoTotal!P2 -> SJ F2 A 422 R | K2: =OvoTotal!Q2 -> SJ F2 B 522 R | ... AH2: =OvoTotal!AN2 -> AAA 1 001
A3: =A60-1+(WEEKNUM(A60,2)+WEEKNUM(A60+1,2)+WEEKNUM(A60+2,2)+WEEKNUM(A60+3,2)+WEEKNUM(A60+4,2)+WEEKNUM(A60+5,2)+WEEKNUM(A60+6,2))-(((WEEKNUM(A60,2)+WEEKNUM(A60+1,2)+WEEKNUM(A60+2,2)+WEEKNUM(A60+3,2)+WEEKNUM(A60+4,2)+WEEKNUM(A60+5,2)+WEEKNUM(A60+6,2))-7)*2) -> 44563 | B3: 1
A4: =A3+7 -> 44570 | B4: 2
A5: =A4+7 -> 44577 | B5: 3
A6: =A5+7 -> 44584 | B6: 4
A7: =A6+7 -> 44591 | B7: 5
A8: =A7+7 -> 44598 | B8: 6
A9: =A8+7 -> 44605 | B9: 7
A10: =A9+7 -> 44612 | B10: 8
A11: =A10+7 -> 44619 | B11: 9
A12: =A11+7 -> 44626 | B12: 10
A13: =A12+7 -> 44633 | B13: 11
A14: =A13+7 -> 44640 | B14: 12
A15: =A14+7 -> 44647 | B15: 13
... A56: =A55+7 -> 44934 | B56: 54
A57: Semana
A59: Dia | B59: S
A60: =OvoTotal!I3 -> 44562 | B60: =WEEKNUM(A60,2) -> 1 | C60: 0.1535 | D60: 72096 | E60: 82656 | H60: 33120 | I60: 16224 | L60: 28308
A61: =OvoTotal!I4 -> 44563 | B61: =WEEKNUM(A61,2) -> 1 | C61: 0.1535 | D61: 50832 | E61: 51168 | H61: 27000 | I61: 18720 | L61: 31320
A62: =OvoTotal!I5 -> 44564 | B62: =WEEKNUM(A62,2) -> 2 | C62: 0.1535 | D62: 18504 | E62: 20952 | H62: 25200 | I62: 21240 | L62: 23760
A63: =OvoTotal!I6 -> 44565 | B63: =WEEKNUM(A63,2) -> 2 | C63: 0.1535 | D63: 31776 | E63: 28224 | H63: 32064 | I63: 17856 | L63: 22320
A64: =OvoTotal!I7 -> 44566 | B64: =WEEKNUM(A64,2) -> 2 | C64: 0.1535 | D64: 35040 | E64: 35040 | H64: 51456 | I64: 32064 | L64: 23400
A65: =OvoTotal!I8 -> 44567 | B65: =WEEKNUM(A65,2) -> 2 | C65: 0.1535 | D65: 44928 | E65: 41472 | H65: 29306 | I65: 18144 | L65: 11160
B66: =SUBTOTAL(1,B60:B65) -> 1.6666667
A67: =OvoTotal!I9 -> 44568 | B67: =WEEKNUM(A67,2) -> 2 | C67: 0.1535 | D67: 35616 | E67: 31776 | H67: 40910 | I67: 34272 | L67: 12600
A68: =OvoTotal!I10 -> 44569 | B68: =WEEKNUM(A68,2) -> 2 | C68: 0.1535 | D68: 42048 | E68: 38592 | H68: 35520 | I68: 27264 | L68: 13320
A69: =OvoTotal!I11 -> 44570 | B69: =WEEKNUM(A69,2) -> 2 | C69: 0.1535 | D69: 45600 | E69: 45312 | H69: 38592 | I69: 28032 | L69: 10080
A70: =OvoTotal!I12 -> 44571 | B70: =WEEKNUM(A70,2) -> 3 | C70: 0.1535 | D70: 28032 | E70: 28032 | H70: 35986 | I70: 28960
A71: =OvoTotal!I13 -> 44572 | B71: =WEEKNUM(A71,2) -> 3 | C71: 0.1535 | D71: 28320 | E71: 28416 | H71: 35328 | I71: 28320
A72: =OvoTotal!I14 -> 44573 | B72: =WEEKNUM(A72,2) -> 3 | C72: 0.1535 | D72: 20736 | E72: 24192 | H72: 37152 | I72: 29760
A73: =OvoTotal!I15 -> 44574 | B73: =WEEKNUM(A73,2) -> 3 | C73: 0.1535 | D73: 25560 | E73: 27000 | H73: 39264 | I73: 32256
B74: =SUBTOTAL(1,B67:B73) -> 2.5714286
A75: =OvoTotal!I16 -> 44575 | B75: =WEEKNUM(A75,2) -> 3 | C75: 0.1535 | D75: 40680 | E75: 43560 | H75: 41760 | I75: 25200
A76: =OvoTotal!I17 -> 44576 | B76: =WEEKNUM(A76,2) -> 3 | C76: 0.1535 | D76: 33768 | E76: 34104 | H76: 41760 | I76: 21600
A77: =OvoTotal!I18 -> 44577 | B77: =WEEKNUM(A77,2) -> 3 | C77: 0.1535 | D77: 54072 | E77: 47016 | H77: 40680 | I77: 26640
A78: =OvoTotal!I19 -> 44578 | B78: =WEEKNUM(A78,2) -> 4 | C78: 0.1535 | D78: 45780 | E78: 45780 | H78: 36096 | I78: 28224
A79: =OvoTotal!I20 -> 44579 | B79: =WEEKNUM(A79,2) -> 4 | C79: 0.1535 | D79: 36576 | E79: 36456 | H79: 30528 | I79: 27936
A80: =OvoTotal!I21 -> 44580 | B80: =WEEKNUM(A80,2) -> 4 | C80: 0.1535 | D80: 36960 | E80: 36960 | H80: 42432 | I80: 36480
A81: =OvoTotal!I22 -> 44581 | B81: =WEEKNUM(A81,2) -> 4 | C81: 0.1535 | D81: 42000 | E81: 37548 | H81: 38976 | I81: 30720
B82: =SUBTOTAL(1,B75:B81) -> 3.5714286
A83: =OvoTotal!I23 -> 44582 | B83: =WEEKNUM(A83,2) -> 4 | C83: 0.1535 | D83: 36804 | E83: 36192 | H83: 39264 | I83: 32448
A84: =OvoTotal!I24 -> 44583 | B84: =WEEKNUM(A84,2) -> 4 | C84: 0.1535 | D84: 34920 | E84: 32400 | H84: 39072 | I84: 30336
A85: =OvoTotal!I25 -> 44584 | B85: =WEEKNUM(A85,2) -> 4 | C85: 0.1535 | D85: 55440 | E85: 56700 | H85: 30624 | I85: 28416
A86: =OvoTotal!I26 -> 44585 | B86: =WEEKNUM(A86,2) -> 5 | C86: 0.1535 | D86: 28056 | E86: 25032 | H86: 42912 | I86: 36000
A87: =OvoTotal!I27 -> 44586 | B87: =WEEKNUM(A87,2) -> 5 | C87: 0.1535 | D87: 28140 | E87: 28140 | H87: 38016 | I87: 31390
A88: =OvoTotal!I28 -> 44587 | B88: =WEEKNUM(A88,2) -> 5 | C88: 0.1535 | D88: 36288 | E88: 27216 | H88: 39744 | I88: 32064
A89: =OvoTotal!I29 -> 44588 | B89: =WEEKNUM(A89,2) -> 5 | C89: 0.1535 | D89: 50400 | E89: 46704 | H89: 36288 | I89: 34946
B90: =SUBTOTAL(1,B83:B89) -> 4.5714286
A91: =OvoTotal!I30 -> 44589 | B91: =WEEKNUM(A91,2) -> 5 | C91: 0.1535 | D91: 33120 | E91: 33480 | H91: 36288 | I91: 34560
A92: =OvoTotal!I31 -> 44590 | B92: =WEEKNUM(A92,2) -> 5 | C92: 0.1535 | D92: 33120 | E92: 33480 | H92: 36288 | I92: 34560
A93: =OvoTotal!I32 -> 44591 | B93: =WEEKNUM(A93,2) -> 5 | C93: 0.1535 | D93: 33120 | E93: 33480 | H93: 36288 | I93: 34520
A94: =OvoTotal!I33 -> 44592 | B94: =WEEKNUM(A94,2) -> 6 | C94: 0.1535 | D94: 33120 | E94: 33480 | H94: 36288 | I94: 34560
A95: =OvoTotal!I34 -> 44593 | B95: =WEEKNUM(A95,2) -> 6 | C95: 0.1535 | D95: 39960 | E95: 38520 | H95: 35808 | I95: 29624
A96: =OvoTotal!I35 -> 44594 | B96: =WEEKNUM(A96,2) -> 6 | C96: 0.1535 | D96: 36624 | E96: 35532 | H96: 39552 | I96: 31296
A97: =OvoTotal!I36 -> 44595 | B97: =WEEKNUM(A97,2) -> 6 | C97: 0.1535 | D97: 36288 | E97: 32760 | H97: 36288 | I97: 33504
B98: =SUBTOTAL(1,B91:B97) -> 5.5714286
A99: =OvoTotal!I37 -> 44596 | B99: =WEEKNUM(A99,2) -> 6 | C99: 0.1535 | D99: 35208 | E99: 34680 | H99: 39456 | I99: 33696
A100: =OvoTotal!I38 -> 44597 | B100: =WEEKNUM(A100,2) -> 6 | C100: 0.1535 | D100: 32616 | E100: 32532 | H100: 36096 | I100: 35520
A101: =OvoTotal!I39 -> 44598 | B101: =WEEKNUM(A101,2) -> 6 | C101: 0.1535 | D101: 40212 | E101: 40212 | H101: 36288 | I101: 33600
A102: =OvoTotal!I40 -> 44599 | B102: =WEEKNUM(A102,2) -> 7 | C102: 0.1535 | D102: 28512 | E102: 28512 | H102: 36288 | I102: 35136
A103: =OvoTotal!I41 -> 44600 | B103: =WEEKNUM(A103,2) -> 7 | C103: 0.1535 | D103: 35856 | E103: 35856 | H103: 37440 | I103: 30048
A104: =OvoTotal!I42 -> 44601 | B104: =WEEKNUM(A104,2) -> 7 | C104: 0.1535 | D104: 34704 | E104: 35064 | H104: 36288 | I104: 22752
A105: =OvoTotal!I43 -> 44602 | B105: =WEEKNUM(A105,2) -> 7 | C105: 0.1535 | D105: 35616 | E105: 35700 | H105: 35712 | I105: 31200
B106: =SUBTOTAL(1,B99:B105) -> 6.5714286
A107: =OvoTotal!I44 -> 44603 | B107: =WEEKNUM(A107,2) -> 7 | C107: 0.1535 | D107: 35028 | E107: 37632 | H107: 39072 | I107: 32352
A108: =OvoTotal!I45 -> 44604 | B108: =WEEKNUM(A108,2) -> 7 | C108: 0.1535 | D108: 31680 | E108: 31680 | H108: 35712 | I108: 42624
A109: =OvoTotal!I46 -> 44605 | B109: =WEEKNUM(A109,2) -> 7 | C109: 0.1535 | D109: 37080 | E109: 37440 | H109: 42624 | I109: 24960
A110: =OvoTotal!I47 -> 44606 | B110: =WEEKNUM(A110,2) -> 8 | C110: 0.1535 | D110: 36000 | E110: 36000 | H110: 38208 | I110: 34080
A111: =OvoTotal!I48 -> 44607 | B111: =WEEKNUM(A111,2) -> 8 | C111: 0.1535 | D111: 32040 | E111: 29880 | H111: 40128 | I111: 32640
A112: =OvoTotal!I49 -> 44608 | B112: =WEEKNUM(A112,2) -> 8 | C112: 0.1535 | D112: 34776 | E112: 34776 | H112: 39168 | I112: 30912
A113: =OvoTotal!I50 -> 44609 | B113: =WEEKNUM(A113,2) -> 8 | C113: 0.1535 | D113: 37800 | E113: 37800 | H113: 37440 | I113: 32544
B114: =SUBTOTAL(1,B107:B113) -> 7.5714286
A115: =OvoTotal!I51 -> 44610 | B115: =WEEKNUM(A115,2) -> 8 | C115: 0.1535 | D115: 36288 | E115: 36288 | H115: 36192 | I115: 27648
A116: =OvoTotal!I52 -> 44611 | B116: =WEEKNUM(A116,2) -> 8 | C116: 0.1535 | D116: 37440 | E116: 37440 | H116: 36288 | I116: 29088
A117: =OvoTotal!I53 -> 44612 | B117: =WEEKNUM(A117,2) -> 8 | C117: 0.1535 | D117: 37440 | E117: 37440 | H117: 39744 | I117: 37824
A118: =OvoTotal!I54 -> 44613 | B118: =WEEKNUM(A118,2) -> 9 | C118: 0.1535 | D118: 36360 | E118: 36360 | H118: 36288 | I118: 29952
A119: =OvoTotal!I55 -> 44614 | B119: =WEEKNUM(A119,2) -> 9 | C119: 0.1535 | D119: 31104 | E119: 30600 | H119: 34560 | I119: 26496
A120: =OvoTotal!I56 -> 44615 | B120: =WEEKNUM(A120,2) -> 9 | C120: 0.1535 | D120: 35196 | E120: 36036 | H120: 36288 | I120: 25920
A121: =OvoTotal!I57 -> 44616 | B121: =WEEKNUM(A121,2) -> 9 | C121: 0.1535 | D121: 36708 | E121: 37632 | H121: 40416 | I121: 33888
B122: =SUBTOTAL(1,B115:B121) -> 8.5714286
A123: =OvoTotal!I58 -> 44617 | B123: =WEEKNUM(A123,2) -> 9 | C123: 0.1535 | D123: 35364 | E123: 35784 | H123: 36288 | I123: 30048
A124: =OvoTotal!I59 -> 44618 | B124: =WEEKNUM(A124,2) -> 9 | C124: 0.1535 | D124: 35364 | E124: 35784 | H124: 36288 | I124: 30048
A125: =OvoTotal!I60 -> 44619 | B125: =WEEKNUM(A125,2) -> 9 | C125: 0.1535 | D125: 35364 | E125: 35784 | H125: 36288 | I125: 30048 | L125: 1
A126: =OvoTotal!I61 -> 44620 | B126: =WEEKNUM(A126,2) -> 10 | C126: 0.1535 | D126: 35364 | E126: 35784 | H126: 36288 | I126: 30048
A127: =OvoTotal!I62 -> 44621 | B127: =WEEKNUM(A127,2) -> 10 | C127: 0.1535 | D127: 25618 | E127: 25704 | H127: 36288 | I127: 29088
A128: =OvoTotal!I63 -> 44622 | B128: =WEEKNUM(A128,2) -> 10 | C128: 0.1535 | D128: 25284 | E128: 26052 | H128: 39744 | I128: 21696
A129: =OvoTotal!I64 -> 44623 | B129: =WEEKNUM(A129,2) -> 10 | C129: 0.1535 | D129: 25704 | E129: 25704 | H129: 36288 | I129: 24480
B130: =SUBTOTAL(1,B123:B129) -> 9.5714286
A131: =OvoTotal!I65 -> 44624 | B131: =WEEKNUM(A131,2) -> 10 | C131: 0.1535 | D131: 36288 | E131: 36288 | H131: 36288 | I131: 29376
A132: =OvoTotal!I66 -> 44625 | B132: =WEEKNUM(A132,2) -> 10 | C132: 0.1535 | D132: 31320 | E132: 31680 | H132: 36288 | I132: 27264
A133: =OvoTotal!I67 -> 44626 | B133: =WEEKNUM(A133,2) -> 10 | C133: 0.1535 | D133: 32040 | E133: 32040 | H133: 33120 | I133: 26208
A134: =OvoTotal!I68 -> 44627 | B134: =WEEKNUM(A134,2) -> 11 | C134: 0.1535 | D134: 32400 | E134: 32400 | H134: 36384 | I134: 29472
A135: =OvoTotal!I69 -> 44628 | B135: =WEEKNUM(A135,2) -> 11 | C135: 0.1535 | D135: 31752 | E135: 31752 | H135: 25920 | I135: 26304
A136: =OvoTotal!I70 -> 44629 | B136: =WEEKNUM(A136,2) -> 11 | C136: 0.1535 | D136: 32844 | E136: 32844 | H136: 28320 | I136: 26688
A137: =OvoTotal!I71 -> 44630 | B137: =WEEKNUM(A137,2) -> 11 | C137: 0.1535 | D137: 32256 | E137: 32256 | H137: 29376 | I137: 38976
B138: =SUBTOTAL(1,B131:B137) -> 10.571429
A139: =OvoTotal!I72 -> 44631 | B139: =WEEKNUM(A139,2) -> 11 | C139: 0.1535 | D139: 33684 | E139: 33768 | H139: 32832 | I139: 38688
A140: =OvoTotal!I73 -> 44632 | B140: =WEEKNUM(A140,2) -> 11 | C140: 0.1535 | D140: 33684 | E140: 33768 | H140: 32832 | I140: 29664
A141: =OvoTotal!I74 -> 44633 | B141: =WEEKNUM(A141,2) -> 11 | C141: 0.1535 | D141: 33684 | E141: 33768 | H141: 29736 | I141: 29088
...

Sheet Outros
C1: =OvoTotal!J1 -> AA | D1: =OvoTotal!K1 -> BB | E1: =OvoTotal!L1 -> CC | F1: =OvoTotal!M1 -> DD | G1: =OvoTotal!N1 -> EE | H1: =OvoTotal!O1 -> FF | I1: =OvoTotal!P1 -> GG | J1: =OvoTotal!Q1 -> HH | ... AG1: =OvoTotal!AN1 -> EEE
A2: $ | C2: =OvoTotal!J2 -> SJ F1 A 221 R | D2: =OvoTotal!K2 -> SJ F1 B 321 R | E2: =OvoTotal!L2 -> SJ F1 A 222 R | F2: =OvoTotal!M2 -> SJ F1 B 322 R | G2: =OvoTotal!N2 -> SJ F2 A 421 R | H2: =OvoTotal!O2 -> SJ F2 B 521 R | I2: =OvoTotal!P2 -> SJ F2 A 422 R | J2: =OvoTotal!Q2 -> SJ F2 B 522 R | ... AG2: =OvoTotal!AN2 -> AAA 1 001
A3: =Produção!A3 -> 44563 | B3: 1
A4: =A3+7 -> 44570 | B4: 2
A5: =A4+7 -> 44577 | B5: 3
A6: =A5+7 -> 44584 | B6: 4
A7: =A6+7 -> 44591 | B7: 5
A8: =A7+7 -> 44598 | B8: 6
A9: =A8+7 -> 44605 | B9: 7
A10: =A9+7 -> 44612 | B10: 8
A11: =A10+7 -> 44619 | B11: 9 | K11: 325886.15
A12: =A11+7 -> 44626 | B12: 10
A13: =A12+7 -> 44633 | B13: 11
A14: =A13+7 -> 44640 | B14: 12
A15: =A14+7 -> 44647 | B15: 13
A16: =A15+7 -> 44654 | B16: 14
A17: =A16+7 -> 44661 | B17: 15
A18: =A17+7 -> 44668 | B18: 16
A19: =A18+7 -> 44675 | B19: 17
A20: =A19+7 -> 44682 | B20: 18
A21: =A20+7 -> 44689 | B21: 19
A22: =A21+7 -> 44696 | B22: 20
A23: =A22+7 -> 44703 | B23: 21
A24: =A23+7 -> 44710 | B24: 22 | M24: 250769
A25: =A24+7 -> 44717 | B25: 23
A26: =A25+7 -> 44724 | B26: 24
A27: =A26+7 -> 44731 | B27: 25
A28: =A27+7 -> 44738 | B28: 26
A29: =A28+7 -> 44745 | B29: 27
A30: =A29+7 -> 44752 | B30: 28
A31: =A30+7 -> 44759 | B31: 29
A32: =A31+7 -> 44766 | B32: 30
A33: =A32+7 -> 44773 | B33: 31
A34: =A33+7 -> 44780 | B34: 32
A35: =A34+7 -> 44787 | B35: 33
A36: =A35+7 -> 44794 | B36: 34
... A56: =A55+7 -> 44934 | B56: 54

Sheet Dados
A1: Indicador | B1: Núcleo/Lote | C1: 1 | D1: 2 | E1: 3 | F1: 4 | G1: 5 | H1: 6 | I1: 7 | J1: 8 | K1: 9 | L1: 10 | M1: 11 | N1: 12 | O1: 13 | P1: 14 | Q1: 15 | R1: 16 | S1: 17 | T1: 18 | U1: 19 | V1: 20 | W1: 21 | X1: 22 | Y1: 23 | Z1: 24 | AA1: 25 | AB1: 26 | AC1: 27 | AD1: 28 | AE1: 29 | AF1: 30 | AG1: 31 | AH1: 32 | AI1: 33 | AJ1: 34 | AK1: 35 | AL1: 36 | AM1: 37 | AN1: 38 | AO1: 39 | AP1: 40 | AQ1: 41 | AR1: 42 | AS1: 43 | AT1: 44 | AU1: 45 | AV1: 46 | AW1: 47 | AX1: 48 | AY1: 49 | AZ1: 50 | BA1: 51 | BB1: 52 | BC1: 53 | BD1: 54 | BF1: 43466 | BG1: =EOMONTH(BF1,0)+1 -> 43497 | BH1: =EOMONTH(BG1,0)+1 -> 43525 | BI1: =EOMONTH(BH1,0)+1 -> 43556 | BJ1: =EOMONTH(BI1,0)+1 -> 43586 | BK1: =EOMONTH(BJ1,0)+1 -> 43617 | BL1: =EOMONTH(BK1,0)+1 -> 43647 | BM1: =EOMONTH(BL1,0)+1 -> 43678 | BN1: =EOMONTH(BM1,0)+1 -> 43709 | ... BQ1: =EOMONTH(BP1,0)+1 -> 43800
A2: Ovos Tot Prev | B2: =OvoTotal!J2 -> SJ F1 A 221 R | C2: =SUMIFS(OvoTotal!J:J,OvoTotal!$I:$I,"<="&EOMONTH(OvoTotal!$I$3+360,0),OvoTotal!$AW:$AW,Dados!$C1) -> 40099.213 | D2: =SUMIFS(OvoTotal!J:J,OvoTotal!$I:$I,"<="&EOMONTH(OvoTotal!$I$3+360,0),OvoTotal!$AW:$AW,Dados!$D1) -> 277854.78 | E2: =SUMIFS(OvoTotal!J:J,OvoTotal!$I:$I,"<="&EOMONTH(OvoTotal!$I$3+360,0),OvoTotal!$AW:$AW,Dados!$E1) -> 273773.6 | F2: =SUMIFS(OvoTotal!J:J,OvoTotal!$I:$I,"<="&EOMONTH(OvoTotal!$I$3+360,0),OvoTotal!$AW:$AW,Dados!$F1) -> 269708.36 | G2: =SUMIFS(OvoTotal!J:J,OvoTotal!$I:$I,"<="&EOMONTH(OvoTotal!$I$3+360,0),OvoTotal!$AW:$AW,Dados!$G1) -> 265658.99 | H2: =SUMIFS(OvoTotal!J:J,OvoTotal!$I:$I,"<="&EOMONTH(OvoTotal!$I$3+360,0),OvoTotal!$AW:$AW,Dados!$H1) -> 261625.46 | I2: =SUMIFS(OvoTotal!J:J,OvoTotal!$I:$I,"<="&EOMONTH(OvoTotal!$I$3+360,0),OvoTotal!$AW:$AW,Dados!$I1) -> 257607.71 | J2: =SUMIFS(OvoTotal!J:J,OvoTotal!$I:$I,"<="&EOMONTH(OvoTotal!$I$3+360,0),OvoTotal!$AW:$AW,Dados!$J1) -> 253605.69 | K2: =SUMIFS(OvoTotal!J:J,OvoTotal!$I:$I,"<="&EOMONTH(OvoTotal!$I$3+360,0),OvoTotal!$AW:$AW,Dados!$K1) -> 249619.36 | L2: =SUMIFS(OvoTotal!J:J,OvoTotal!$I:$I,"<="&EOMONTH(OvoTotal!$I$3+360,0),OvoTotal!$AW:$AW,Dados!$L1) -> 245648.68 | M2: =SUMIFS(OvoTotal!J:J,OvoTotal!$I:$I,"<="&EOMONTH(OvoTotal!$I$3+360,0),OvoTotal!$AW:$AW,Dados!$M1) -> 241693.58 | N2: =SUMIFS(OvoTotal!J:J,OvoTotal!$I:$I,"<="&EOMONTH(OvoTotal!$I$3+360,0),OvoTotal!$AW:$AW,Dados!$N1) -> 237754.02 | O2: =SUMIFS(OvoTotal!J:J,OvoTotal!$I:$I,"<="&EOMONTH(OvoTotal!$I$3+360,0),OvoTotal!$AW:$AW,Dados!$O1) -> 233829.96 | P2: =SUMIFS(OvoTotal!J:J,OvoTotal!$I:$I,"<="&EOMONTH(OvoTotal!$I$3+360,0),OvoTotal!$AW:$AW,Dados!$P1) -> 229921.35 | Q2: =SUMIFS(OvoTotal!J:J,OvoTotal!$I:$I,"<="&EOMONTH(OvoTotal!$I$3+360,0),OvoTotal!$AW:$AW,Dados!$Q1) -> 226028.13 | R2: =SUMIFS(OvoTotal!J:J,OvoTotal!$I:$I,"<="&EOMONTH(OvoTotal!$I$3+360,0),OvoTotal!$AW:$AW,Dados!$R1) -> 222150.27 | S2: =SUMIFS(OvoTotal!J:J,OvoTotal!$I:$I,"<="&EOMONTH(OvoTotal!$I$3+360,0),OvoTotal!$AW:$AW,Dados!$S1) -> 218287.71 | T2: =SUMIFS(OvoTotal!J:J,OvoTotal!$I:$I,"<="&EOMONTH(OvoTotal!$I$3+360,0),OvoTotal!$AW:$AW,Dados!$T1) -> 214440.41 | U2: =SUMIFS(OvoTotal!J:J,OvoTotal!$I:$I,"<="&EOMONTH(OvoTotal!$I$3+360,0),OvoTotal!$AW:$AW,Dados!$U1) -> 210608.32 | V2: =SUMIFS(OvoTotal!J:J,OvoTotal!$I:$I,"<="&EOMONTH(OvoTotal!$I$3+360,0),OvoTotal!$AW:$AW,Dados!$V1) -> 206791.39 | W2: =SUMIFS(OvoTotal!J:J,OvoTotal!$I:$I,"<="&EOMONTH(OvoTotal!$I$3+360,0),OvoTotal!$AW:$AW,Dados!$W1) -> 202989.58 | X2: =SUMIFS(OvoTotal!J:J,OvoTotal!$I:$I,"<="&EOMONTH(OvoTotal!$I$3+360,0),OvoTotal!$AW:$AW,Dados!$X1) -> 199202.84 | Y2: =SUMIFS(OvoTotal!J:J,OvoTotal!$I:$I,"<="&EOMONTH(OvoTotal!$I$3+360,0),OvoTotal!$AW:$AW,Dados!$Y1) -> 195431.12 | Z2: =SUMIFS(OvoTotal!J:J,OvoTotal!$I:$I,"<="&EOMONTH(OvoTotal!$I$3+360,0),OvoTotal!$AW:$AW,Dados!$Z1) -> 191674.38 | AA2: =SUMIFS(OvoTotal!J:J,OvoTotal!$I:$I,"<="&EOMONTH(OvoTotal!$I$3+360,0),OvoTotal!$AW:$AW,Dados!$AA1) -> 187932.57 | AB2: =SUMIFS(OvoTotal!J:J,OvoTotal!$I:$I,"<="&EOMONTH(OvoTotal!$I$3+360,0),OvoTotal!$AW:$AW,Dados!$AB1) -> 184205.65 | AC2: =SUMIFS(OvoTotal!J:J,OvoTotal!$I:$I,"<="&EOMONTH(OvoTotal!$I$3+360,0),OvoTotal!$AW:$AW,Dados!$AC1) -> 180493.56 | AD2: =SUMIFS(OvoTotal!J:J,OvoTotal!$I:$I,"<="&EOMONTH(OvoTotal!$I$3+360,0),OvoTotal!$AW:$AW,Dados!$AD1) -> 176796.26 | AE2: =SUMIFS(OvoTotal!J:J,OvoTotal!$I:$I,"<="&EOMONTH(OvoTotal!$I$3+360,0),OvoTotal!$AW:$AW,Dados!$AE1) -> 173113.72 | AF2: =SUMIFS(OvoTotal!J:J,OvoTotal!$I:$I,"<="&EOMONTH(OvoTotal!$I$3+360,0),OvoTotal!$AW:$AW,Dados!$AF1) -> 169445.87 | AG2: =SUMIFS(OvoTotal!J:J,OvoTotal!$I:$I,"<="&EOMONTH(OvoTotal!$I$3+360,0),OvoTotal!$AW:$AW,Dados!$AG1) -> 163438.38 | AH2: =SUMIFS(OvoTotal!J:J,OvoTotal!$I:$I,"<="&EOMONTH(OvoTotal!$I$3+360,0),OvoTotal!$AW:$AW,Dados!$AH1) -> 46095.584 | AI2: =SUMIFS(OvoTotal!J:J,OvoTotal!$I:$I,"<="&EOMONTH(OvoTotal!$I$3+360,0),OvoTotal!$AW:$AW,Dados!$AI1) -> 0 | AJ2: =SUMIFS(OvoTotal!J:J,OvoTotal!$I:$I,"<="&EOMONTH(OvoTotal!$I$3+360,0),OvoTotal!$AW:$AW,Dados!$AJ1) -> 0 | AK2: =SUMIFS(OvoTotal!J:J,OvoTotal!$I:$I,"<="&EOMONTH(OvoTotal!$I$3+360,0),OvoTotal!$AW:$AW,Dados!$AK1) -> 0 | AL2: =SUMIFS(OvoTotal!J:J,OvoTotal!$I:$I,"<="&EOMONTH(OvoTotal!$I$3+360,0),OvoTotal!$AW:$AW,Dados!$AL1) -> 0 | AM2: =SUMIFS(OvoTotal!J:J,OvoTotal!$I:$I,"<="&EOMONTH(OvoTotal!$I$3+360,0),OvoTotal!$AW:$AW,Dados!$AM1) -> 0 | AN2: =SUMIFS(OvoTotal!J:J,OvoTotal!$I:$I,"<="&EOMONTH(OvoTotal!$I$3+360,0),OvoTotal!$AW:$AW,Dados!$AN1) -> 0 | AO2: =SUMIFS(OvoTotal!J:J,OvoTotal!$I:$I,"<="&EOMONTH(OvoTotal!$I$3+360,0),OvoTotal!$AW:$AW,Dados!$AO1) -> 0 | AP2: =SUMIFS(OvoTotal!J:J,OvoTotal!$I:$I,"<="&EOMONTH(OvoTotal!$I$3+360,0),OvoTotal!$AW:$AW,Dados!$AP1) -> 0 | AQ2: =SUMIFS(OvoTotal!J:J,OvoTotal!$I:$I,"<="&EOMONTH(OvoTotal!$I$3+360,0),OvoTotal!$AW:$AW,Dados!$AQ1) -> 0 | AR2: =SUMIFS(OvoTotal!J:J,OvoTotal!$I:$I,"<="&EOMONTH(OvoTotal!$I$3+360,0),OvoTotal!$AW:$AW,Dados!$AR1) -> 0 | AS2: =SUMIFS(OvoTotal!J:J,OvoTotal!$I:$I,"<="&EOMONTH(OvoTotal!$I$3+360,0),OvoTotal!$AW:$AW,Dados!$AS1) -> 0 | AT2: =SUMIFS(OvoTotal!J:J,OvoTotal!$I:$I,"<="&EOMONTH(OvoTotal!$I$3+360,0),OvoTotal!$AW:$AW,Dados!$AT1) -> 0 | AU2: =SUMIFS(OvoTotal!J:J,OvoTotal!$I:$I,"<="&EOMONTH(OvoTotal!$I$3+360,0),OvoTotal!$AW:$AW,Dados!$AU1) -> 0 | AV2: =SUMIFS(OvoTotal!J:J,OvoTotal!$I:$I,"<="&EOMONTH(OvoTotal!$I$3+360,0),OvoTotal!$AW:$AW,Dados!$AV1) -> 0 | AW2: =SUMIFS(OvoTotal!J:J,OvoTotal!$I:$I,"<="&EOMONTH(OvoTotal!$I$3+360,0),OvoTotal!$AW:$AW,Dados!$AW1) -> 0 | AX2: =SUMIFS(OvoTotal!J:J,OvoTotal!$I:$I,"<="&EOMONTH(OvoTotal!$I$3+360,0),OvoTotal!$AW:$AW,Dados!$AX1) -> 0 | AY2: =SUMIFS(OvoTotal!J:J,OvoTotal!$I:$I,"<="&EOMONTH(OvoTotal!$I$3+360,0),OvoTotal!$AW:$AW,Dados!$AY1) -> 0 | AZ2: =SUMIFS(OvoTotal!J:J,OvoTotal!$I:$I,"<="&EOMONTH(OvoTotal!$I$3+360,0),OvoTotal!$AW:$AW,Dados!$AZ1) -> 0 | BA2: =SUMIFS(OvoTotal!J:J,OvoTotal!$I:$I,"<="&EOMONTH(OvoTotal!$I$3+360,0),OvoTotal!$AW:$AW,Dados!$BA1) -> 0 | BB2: =SUMIFS(OvoTotal!J:J,OvoTotal!$I:$I,"<="&EOMONTH(OvoTotal!$I$3+360,0),OvoTotal!$AW:$AW,Dados!$BB1) -> 0 | BC2: =SUMIFS(OvoTotal!J:J,OvoTotal!$I:$I,"<="&EOMONTH(OvoTotal!$I$3+360,0),OvoTotal!$AW:$AW,Dados!$BC1) -> 0 | BD2: =SUMIFS(OvoTotal!J:J,OvoTotal!$I:$I,"<="&EOMONTH(OvoTotal!$I$3+360,0),OvoTotal!$AW:$AW,Dados!$BD1) -> 0 | BF2: =SUMIFS(OvoTotal!J:J,OvoTotal!$I:$I,">="&BF1,OvoTotal!$I:$I,"<="&EOMONTH($BF1,0)) -> 0 | BG2: =SUMIFS(OvoTotal!J:J,OvoTotal!$I:$I,">="&BG1,OvoTotal!$I:$I,"<="&EOMONTH($BG1,0)) -> 0 | BH2: =SUMIFS(OvoTotal!J:J,OvoTotal!$I:$I,">="&BH1,OvoTotal!$I:$I,"<="&EOMONTH($BH1,0)) -> 0 | BI2: =SUMIFS(OvoTotal!J:J,OvoTotal!$I:$I,">="&BI1,OvoTotal!$I:$I,"<="&EOMONTH($BI1,0)) -> 0 | BJ2: =SUMIFS(OvoTotal!J:J,OvoTotal!$I:$I,">="&BJ1,OvoTotal!$I:$I,"<="&EOMONTH($BJ1,0)) -> 0 | BK2: =SUMIFS(OvoTotal!J:J,OvoTotal!$I:$I,">="&BK1,OvoTotal!$I:$I,"<="&EOMONTH($BK1,0)) -> 0 | BL2: =SUMIFS(OvoTotal!J:J,OvoTotal!$I:$I,">="&BL1,OvoTotal!$I:$I,"<="&EOMONTH($BL1,0)) -> 0 | BM2: =SUMIFS(OvoTotal!J:J,OvoTotal!$I:$I,">="&BM1,OvoTotal!$I:$I,"<="&EOMONTH($BM1,0)) -> 0 | BN2: =SUMIFS(OvoTotal!J:J,OvoTotal!$I:$I,">="&BN1,OvoTotal!$I:$I,"<="&EOMONTH($BN1,0)) -> 0 | BO2: =SUMIFS(OvoTotal!J:J,OvoTotal!$I:$I,">="&BO1,OvoTotal!$I:$I,"<="&EOMONTH($BO1,0)) -> 0 | BP2: =SUMIFS(OvoTotal!J:J,OvoTotal!$I:$I,">="&BP1,OvoTotal!$I:$I,"<="&EOMONTH($BP1,0)) -> 0 | BQ2: =SUMIFS(OvoTotal!J:J,OvoTotal!$I:$I,">="&BQ1,OvoTotal!$I:$I,"<="&EOMONTH($BQ1,0)) -> 0
A3: Ovos Tot Prev | B3: =OvoTotal!K2 -> SJ F1 B 321 R | C3: =SUMIFS(OvoTotal!K:K,OvoTotal!$I:$I,"<="&EOMONTH(OvoTotal!$I$3+360,0),OvoTotal!$AW:$AW,Dados!$C1) -> 40681.698 | D3: =SUMIFS(OvoTotal!K:K,OvoTotal!$I:$I,"<="&(EOMONTH(OvoTotal!$I$3+360,0)),OvoTotal!$AW:$AW,Dados!$D1) -> 281420.33 | E3: =SUMIFS(OvoTotal!K:K,OvoTotal!$I:$I,"<="&EOMONTH(OvoTotal!$I$3+360,0),OvoTotal!$AW:$AW,Dados!$E1) -> 277324.66 | F3: =SUMIFS(OvoTotal!K:K,OvoTotal!$I:$I,"<="&EOMONTH(OvoTotal!$I$3+360,0),OvoTotal!$AW:$AW,Dados!$F1) -> 273244.96 | G3: =SUMIFS(OvoTotal!K:K,OvoTotal!$I:$I,"<="&EOMONTH(OvoTotal!$I$3+360,0),OvoTotal!$AW:$AW,Dados!$G1) -> 269181.2 | H3: =SUMIFS(OvoTotal!K:K,OvoTotal!$I:$I,"<="&EOMONTH(OvoTotal!$I$3+360,0),OvoTotal!$AW:$AW,Dados!$H1) -> 265133.3 | I3: =SUMIFS(OvoTotal!K:K,OvoTotal!$I:$I,"<="&EOMONTH(OvoTotal!$I$3+360,0),OvoTotal!$AW:$AW,Dados!$I1) -> 261101.24 | J3: =SUMIFS(OvoTotal!K:K,OvoTotal!$I:$I,"<="&EOMONTH(OvoTotal!$I$3+360,0),OvoTotal!$AW:$AW,Dados!$J1) -> 257084.96 | K3: =SUMIFS(OvoTotal!K:K,OvoTotal!$I:$I,"<="&EOMONTH(OvoTotal!$I$3+360,0),OvoTotal!$AW:$AW,Dados!$K1) -> 253084.41 | L3: =SUMIFS(OvoTotal!K:K,OvoTotal!$I:$I,"<="&EOMONTH(OvoTotal!$I$3+360,0),OvoTotal!$AW:$AW,Dados!$L1) -> 249099.54 | M3: =SUMIFS(OvoTotal!K:K,OvoTotal!$I:$I,"<="&EOMONTH(OvoTotal!$I$3+360,0),OvoTotal!$AW:$AW,Dados!$M1) -> 245130.3 | N3: =SUMIFS(OvoTotal!K:K,OvoTotal!$I:$I,"<="&EOMONTH(OvoTotal!$I$3+360,0),OvoTotal!$AW:$AW,Dados!$N1) -> 241176.66 | O3: =SUMIFS(OvoTotal!K:K,OvoTotal!$I:$I,"<="&EOMONTH(OvoTotal!$I$3+360,0),OvoTotal!$AW:$AW,Dados!$O1) -> 237238.55 | P3: =SUMIFS(OvoTotal!K:K,OvoTotal!$I:$I,"<="&EOMONTH(OvoTotal!$I$3+360,0),OvoTotal!$AW:$AW,Dados!$P1) -> 233315.93 | Q3: =SUMIFS(OvoTotal!K:K,OvoTotal!$I:$I,"<="&EOMONTH(OvoTotal!$I$3+360,0),OvoTotal!$AW:$AW,Dados!$Q1) -> 229408.76 | R3: =SUMIFS(OvoTotal!K:K,OvoTotal!$I:$I,"<="&EOMONTH(OvoTotal!$I$3+360,0),OvoTotal!$AW:$AW,Dados!$R1) -> 225516.98 | S3: =SUMIFS(OvoTotal!K:K,OvoTotal!$I:$I,"<="&EOMONTH(OvoTotal!$I$3+360,0),OvoTotal!$AW:$AW,Dados!$S1) -> 221640.55 | T3: =SUMIFS(OvoTotal!K:K,OvoTotal!$I:$I,"<="&EOMONTH(OvoTotal!$I$3+360,0),OvoTotal!$AW:$AW,Dados!$T1) -> 217779.42 | U3: =SUMIFS(OvoTotal!K:K,OvoTotal!$I:$I,"<="&EOMONTH(OvoTotal!$I$3+360,0),OvoTotal!$AW:$AW,Dados!$U1) -> 213933.54 | V3: =SUMIFS(OvoTotal!K:K,OvoTotal!$I:$I,"<="&EOMONTH(OvoTotal!$I$3+360,0),OvoTotal!$AW:$AW,Dados!$V1) -> 210102.88 | W3: =SUMIFS(OvoTotal!K:K,OvoTotal!$I:$I,"<="&EOMONTH(OvoTotal!$I$3+360,0),OvoTotal!$AW:$AW,Dados!$W1) -> 206287.37 | X3: =SUMIFS(OvoTotal!K:K,OvoTotal!$I:$I,"<="&EOMONTH(OvoTotal!$I$3+360,0),OvoTotal!$AW:$AW,Dados!$X1) -> 202486.97 | Y3: =SUMIFS(OvoTotal!K:K,OvoTotal!$I:$I,"<="&EOMONTH(OvoTotal!$I$3+360,0),OvoTotal!$AW:$AW,Dados!$Y1) -> 198701.64 | Z3: =SUMIFS(OvoTotal!K:K,OvoTotal!$I:$I,"<="&EOMONTH(OvoTotal!$I$3+360,0),OvoTotal!$AW:$AW,Dados!$Z1) -> 194931.33 | AA3: =SUMIFS(OvoTotal!K:K,OvoTotal!$I:$I,"<="&EOMONTH(OvoTotal!$I$3+360,0),OvoTotal!$AW:$AW,Dados!$AA1) -> 191175.99 | AB3: =SUMIFS(OvoTotal!K:K,OvoTotal!$I:$I,"<="&EOMONTH(OvoTotal!$I$3+360,0),OvoTotal!$AW:$AW,Dados!$AB1) -> 187435.58 | AC3: =SUMIFS(OvoTotal!K:K,OvoTotal!$I:$I,"<="&EOMONTH(OvoTotal!$I$3+360,0),OvoTotal!$AW:$AW,Dados!$AC1) -> 183710.05 | AD3: =SUMIFS(OvoTotal!K:K,OvoTotal!$I:$I,"<="&EOMONTH(OvoTotal!$I$3+360,0),OvoTotal!$AW:$AW,Dados!$AD1) -> 179999.35 | AE3: =SUMIFS(OvoTotal!K:K,OvoTotal!$I:$I,"<="&EOMONTH(OvoTotal!$I$3+360,0),OvoTotal!$AW:$AW,Dados!$AE1) -> 176303.44 | AF3: =SUMIFS(OvoTotal!K:K,OvoTotal!$I:$I,"<="&EOMONTH(OvoTotal!$I$3+360,0),OvoTotal!$AW:$AW,Dados!$AF1) -> 172622.28 | AG3: =SUMIFS(OvoTotal!K:K,OvoTotal!$I:$I,"<="&EOMONTH(OvoTotal!$I$3+360,0),OvoTotal!$AW:$AW,Dados!$AG1) -> 168955.81 | AH3: =SUMIFS(OvoTotal!K:K,OvoTotal!$I:$I,"<="&EOMONTH(OvoTotal!$I$3+360,0),OvoTotal!$AW:$AW,Dados!$AH1) -> 162478.72 | AI3: =SUMIFS(OvoTotal!K:K,OvoTotal!$I:$I,"<="&EOMONTH(OvoTotal!$I$3+360,0),OvoTotal!$AW:$AW,Dados!$AI1) -> 23048.831 | AJ3: =SUMIFS(OvoTotal!K:K,OvoTotal!$I:$I,"<="&EOMONTH(OvoTotal!$I$3+360,0),OvoTotal!$AW:$AW,Dados!$AJ1) -> 0 | AK3: =SUMIFS(OvoTotal!K:K,OvoTotal!$I:$I,"<="&EOMONTH(OvoTotal!$I$3+360,0),OvoTotal!$AW:$AW,Dados!$AK1) -> 0 | AL3: =SUMIFS(OvoTotal!K:K,OvoTotal!$I:$I,"<="&EOMONTH(OvoTotal!$I$3+360,0),OvoTotal!$AW:$AW,Dados!$AL1) -> 0 | AM3: =SUMIFS(OvoTotal!K:K,OvoTotal!$I:$I,"<="&EOMONTH(OvoTotal!$I$3+360,0),OvoTotal!$AW:$AW,Dados!$AM1) -> 0 | AN3: =SUMIFS(OvoTotal!K:K,OvoTotal!$I:$I,"<="&EOMONTH(OvoTotal!$I$3+360,0),OvoTotal!$AW:$AW,Dados!$AN1) -> 0 | AO3: =SUMIFS(OvoTotal!K:K,OvoTotal!$I:$I,"<="&EOMONTH(OvoTotal!$I$3+360,0),OvoTotal!$AW:$AW,Dados!$AO1) -> 0 | AP3: =SUMIFS(OvoTotal!K:K,OvoTotal!$I:$I,"<="&EOMONTH(OvoTotal!$I$3+360,0),OvoTotal!$AW:$AW,Dados!$AP1) -> 0 | AQ3: =SUMIFS(OvoTotal!K:K,OvoTotal!$I:$I,"<="&EOMONTH(OvoTotal!$I$3+360,0),OvoTotal!$AW:$AW,Dados!$AQ1) -> 0 | AR3: =SUMIFS(OvoTotal!K:K,OvoTotal!$I:$I,"<="&EOMONTH(OvoTotal!$I$3+360,0),OvoTotal!$AW:$AW,Dados!$AR1) -> 0 | AS3: =SUMIFS(OvoTotal!K:K,OvoTotal!$I:$I,"<="&EOMONTH(OvoTotal!$I$3+360,0),OvoTotal!$AW:$AW,Dados!$AS1) -> 0 | AT3: =SUMIFS(OvoTotal!K:K,OvoTotal!$I:$I,"<="&EOMONTH(OvoTotal!$I$3+360,0),OvoTotal!$AW:$AW,Dados!$AT1) -> 0 | AU3: =SUMIFS(OvoTotal!K:K,OvoTotal!$I:$I,"<="&EOMONTH(OvoTotal!$I$3+360,0),OvoTotal!$AW:$AW,Dados!$AU1) -> 0 | AV3: =SUMIFS(OvoTotal!K:K,OvoTotal!$I:$I,"<="&EOMONTH(OvoTotal!$I$3+360,0),OvoTotal!$AW:$AW,Dados!$AV1) -> 0 | AW3: =SUMIFS(OvoTotal!K:K,OvoTotal!$I:$I,"<="&EOMONTH(OvoTotal!$I$3+360,0),OvoTotal!$AW:$AW,Dados!$AW1) -> 0 | AX3: =SUMIFS(OvoTotal!K:K,OvoTotal!$I:$I,"<="&EOMONTH(OvoTotal!$I$3+360,0),OvoTotal!$AW:$AW,Dados!$AX1) -> 0 | AY3: =SUMIFS(OvoTotal!K:K,OvoTotal!$I:$I,"<="&EOMONTH(OvoTotal!$I$3+360,0),OvoTotal!$AW:$AW,Dados!$AY1) -> 0 | AZ3: =SUMIFS(OvoTotal!K:K,OvoTotal!$I:$I,"<="&EOMONTH(OvoTotal!$I$3+360,0),OvoTotal!$AW:$AW,Dados!$AZ1) -> 0 | BA3: =SUMIFS(OvoTotal!K:K,OvoTotal!$I:$I,"<="&EOMONTH(OvoTotal!$I$3+360,0),OvoTotal!$AW:$AW,Dados!$BA1) -> 0 | BB3: =SUMIFS(OvoTotal!K:K,OvoTotal!$I:$I,"<="&EOMONTH(OvoTotal!$I$3+360,0),OvoTotal!$AW:$AW,Dados!$BB1) -> 0 | BC3: =SUMIFS(OvoTotal!K:K,OvoTotal!$I:$I,"<="&EOMONTH(OvoTotal!$I$3+360,0),OvoTotal!$AW:$AW,Dados!$BC1) -> 0 | BD3: =SUMIFS(OvoTotal!K:K,OvoTotal!$I:$I,"<="&EOMONTH(OvoTotal!$I$3+360,0),OvoTotal!$AW:$AW,Dados!$BD1) -> 0 | BF3: =SUMIFS(OvoTotal!K:K,OvoTotal!$I:$I,">="&BF1,OvoTotal!$I:$I,"<="&EOMONTH($BF1,0)) -> 0 | BG3: =SUMIFS(OvoTotal!K:K,OvoTotal!$I:$I,">="&BG1,OvoTotal!$I:$I,"<="&EOMONTH($BG1,0)) -> 0 | BH3: =SUMIFS(OvoTotal!K:K,OvoTotal!$I:$I,">="&BH1,OvoTotal!$I:$I,"<="&EOMONTH($BH1,0)) -> 0 | BI3: =SUMIFS(OvoTotal!K:K,OvoTotal!$I:$I,">="&BI1,OvoTotal!$I:$I,"<="&EOMONTH($BI1,0)) -> 0 | BJ3: =SUMIFS(OvoTotal!K:K,OvoTotal!$I:$I,">="&BJ1,OvoTotal!$I:$I,"<="&EOMONTH($BJ1,0)) -> 0 | BK3: =SUMIFS(OvoTotal!K:K,OvoTotal!$I:$I,">="&BK1,OvoTotal!$I:$I,"<="&EOMONTH($BK1,0)) -> 0 | BL3: =SUMIFS(OvoTotal!K:K,OvoTotal!$I:$I,">="&BL1,OvoTotal!$I:$I,"<="&EOMONTH($BL1,0)) -> 0 | BM3: =SUMIFS(OvoTotal!K:K,OvoTotal!$I:$I,">="&BM1,OvoTotal!$I:$I,"<="&EOMONTH($BM1,0)) -> 0 | BN3: =SUMIFS(OvoTotal!K:K,OvoTotal!$I:$I,">="&BN1,OvoTotal!$I:$I,"<="&EOMONTH($BN1,0)) -> 0 | BO3: =SUMIFS(OvoTotal!K:K,OvoTotal!$I:$I,">="&BO1,OvoTotal!$I:$I,"<="&EOMONTH($BO1,0)) -> 0 | BP3: =SUMIFS(OvoTotal!K:K,OvoTotal!$I:$I,">="&BP1,OvoTotal!$I:$I,"<="&EOMONTH($BP1,0)) -> 0 | BQ3: =SUMIFS(OvoTotal!K:K,OvoTotal!$I:$I,">="&BQ1,OvoTotal!$I:$I,"<="&EOMONTH($BQ1,0)) -> 0
A4: Ovos Tot Prev | B4: =OvoTotal!L2 -> SJ F1 A 222 R | C4: =SUMIFS(OvoTotal!L:L,OvoTotal!$I:$I,"<="&EOMONTH(OvoTotal!$I$3+360,0),OvoTotal!$AW:$AW,Dados!$C1) -> 0 | D4: =SUMIFS(OvoTotal!L:L,OvoTotal!$I:$I,"<="&EOMONTH(OvoTotal!$I$3+360,0),OvoTotal!$AW:$AW,Dados!$D1) -> 0 | E4: =SUMIFS(OvoTotal!L:L,OvoTotal!$I:$I,"<="&EOMONTH(OvoTotal!$I$3+360,0),OvoTotal!$AW:$AW,Dados!$E1) -> 0 | F4: =SUMIFS(OvoTotal!L:L,OvoTotal!$I:$I,"<="&EOMONTH(OvoTotal!$I$3+360,0),OvoTotal!$AW:$AW,Dados!$F1) -> 0 | G4: =SUMIFS(OvoTotal!L:L,OvoTotal!$I:$I,"<="&EOMONTH(OvoTotal!$I$3+360,0),OvoTotal!$AW:$AW,Dados!$G1) -> 0 | H4: =SUMIFS(OvoTotal!L:L,OvoTotal!$I:$I,"<="&EOMONTH(OvoTotal!$I$3+360,0),OvoTotal!$AW:$AW,Dados!$H1) -> 0 | I4: =SUMIFS(OvoTotal!L:L,OvoTotal!$I:$I,"<="&EOMONTH(OvoTotal!$I$3+360,0),OvoTotal!$AW:$AW,Dados!$I1) -> 0 | J4: =SUMIFS(OvoTotal!L:L,OvoTotal!$I:$I,"<="&EOMONTH(OvoTotal!$I$3+360,0),OvoTotal!$AW:$AW,Dados!$J1) -> 0 | K4: =SUMIFS(OvoTotal!L:L,OvoTotal!$I:$I,"<="&EOMONTH(OvoTotal!$I$3+360,0),OvoTotal!$AW:$AW,Dados!$K1) -> 0 | L4: =SUMIFS(OvoTotal!L:L,OvoTotal!$I:$I,"<="&EOMONTH(OvoTotal!$I$3+360,0),OvoTotal!$AW:$AW,Dados!$L1) -> 0 | M4: =SUMIFS(OvoTotal!L:L,OvoTotal!$I:$I,"<="&EOMONTH(OvoTotal!$I$3+360,0),OvoTotal!$AW:$AW,Dados!$M1) -> 0 | N4: =SUMIFS(OvoTotal!L:L,OvoTotal!$I:$I,"<="&EOMONTH(OvoTotal!$I$3+360,0),OvoTotal!$AW:$AW,Dados!$N1) -> 0 | O4: =SUMIFS(OvoTotal!L:L,OvoTotal!$I:$I,"<="&EOMONTH(OvoTotal!$I$3+360,0),OvoTotal!$AW:$AW,Dados!$O1) -> 0 | P4: =SUMIFS(OvoTotal!L:L,OvoTotal!$I:$I,"<="&EOMONTH(OvoTotal!$I$3+360,0),OvoTotal!$AW:$AW,Dados!$P1) -> 0 | Q4: =SUMIFS(OvoTotal!L:L,OvoTotal!$I:$I,"<="&EOMONTH(OvoTotal!$I$3+360,0),OvoTotal!$AW:$AW,Dados!$Q1) -> 0 | R4: =SUMIFS(OvoTotal!L:L,OvoTotal!$I:$I,"<="&EOMONTH(OvoTotal!$I$3+360,0),OvoTotal!$AW:$AW,Dados!$R1) -> 0 | S4: =SUMIFS(OvoTotal!L:L,OvoTotal!$I:$I,"<="&EOMONTH(OvoTotal!$I$3+360,0),OvoTotal!$AW:$AW,Dados!$S1) -> 0 | T4: =SUMIFS(OvoTotal!L:L,OvoTotal!$I:$I,"<="&EOMONTH(OvoTotal!$I$3+360,0),OvoTotal!$AW:$AW,Dados!$T1) -> 0 | U4: =SUMIFS(OvoTotal!L:L,OvoTotal!$I:$I,"<="&EOMONTH(OvoTotal!$I$3+360,0),OvoTotal!$AW:$AW,Dados!$U1) -> 0 | V4: =SUMIFS(OvoTotal!L:L,OvoTotal!$I:$I,"<="&EOMONTH(OvoTotal!$I$3+360,0),OvoTotal!$AW:$AW,Dados!$V1) -> 0 | W4: =SUMIFS(OvoTotal!L:L,OvoTotal!$I:$I,"<="&EOMONTH(OvoTotal!$I$3+360,0),OvoTotal!$AW:$AW,Dados!$W1) -> 0 | X4: =SUMIFS(OvoTotal!L:L,OvoTotal!$I:$I,"<="&EOMONTH(OvoTotal!$I$3+360,0),OvoTotal!$AW:$AW,Dados!$X1) -> 0 | Y4: =SUMIFS(OvoTotal!L:L,OvoTotal!$I:$I,"<="&EOMONTH(OvoTotal!$I$3+360,0),OvoTotal!$AW:$AW,Dados!$Y1) -> 0 | Z4: =SUMIFS(OvoTotal!L:L,OvoTotal!$I:$I,"<="&EOMONTH(OvoTotal!$I$3+360,0),OvoTotal!$AW:$AW,Dados!$Z1) -> 0 | AA4: =SUMIFS(OvoTotal!L:L,OvoTotal!$I:$I,"<="&EOMONTH(OvoTotal!$I$3+360,0),OvoTotal!$AW:$AW,Dados!$AA1) -> 0 | AB4: =SUMIFS(OvoTotal!L:L,OvoTotal!$I:$I,"<="&EOMONTH(OvoTotal!$I$3+360,0),OvoTotal!$AW:$AW,Dados!$AB1) -> 0 | AC4: =SUMIFS(OvoTotal!L:L,OvoTotal!$I:$I,"<="&EOMONTH(OvoTotal!$I$3+360,0),OvoTotal!$AW:$AW,Dados!$AC1) -> 0 | AD4: =SUMIFS(OvoTotal!L:L,OvoTotal!$I:$I,"<="&EOMONTH(OvoTotal!$I$3+360,0),OvoTotal!$AW:$AW,Dados!$AD1) -> 0 | AE4: =SUMIFS(OvoTotal!L:L,OvoTotal!$I:$I,"<="&EOMONTH(OvoTotal!$I$3+360,0),OvoTotal!$AW:$AW,Dados!$AE1) -> 0 | AF4: =SUMIFS(OvoTotal!L:L,OvoTotal!$I:$I,"<="&EOMONTH(OvoTotal!$I$3+360,0),OvoTotal!$AW:$AW,Dados!$AF1) -> 0 | AG4: =SUMIFS(OvoTotal!L:L,OvoTotal!$I:$I,"<="&EOMONTH(OvoTotal!$I$3+360,0),OvoTotal!$AW:$AW,Dados!$AG1) -> 0 | AH4: =SUMIFS(OvoTotal!L:L,OvoTotal!$I:$I,"<="&EOMONTH(OvoTotal!$I$3+360,0),OvoTotal!$AW:$AW,Dados!$AH1) -> 0 | AI4: =SUMIFS(OvoTotal!L:L,OvoTotal!$I:$I,"<="&EOMONTH(OvoTotal!$I$3+360,0),OvoTotal!$AW:$AW,Dados!$AI1) -> 0 | AJ4: =SUMIFS(OvoTotal!L:L,OvoTotal!$I:$I,"<="&EOMONTH(OvoTotal!$I$3+360,0),OvoTotal!$AW:$AW,Dados!$AJ1) -> 0 | AK4: =SUMIFS(OvoTotal!L:L,OvoTotal!$I:$I,"<="&EOMONTH(OvoTotal!$I$3+360,0),OvoTotal!$AW:$AW,Dados!$AK1) -> 0 | AL4: =SUMIFS(OvoTotal!L:L,OvoTotal!$I:$I,"<="&EOMONTH(OvoTotal!$I$3+360,0),OvoTotal!$AW:$AW,Dados!$AL1) -> 0 | AM4: =SUMIFS(OvoTotal!L:L,OvoTotal!$I:$I,"<="&EOMONTH(OvoTotal!$I$3+360,0),OvoTotal!$AW:$AW,Dados!$AM1) -> 0 | AN4: =SUMIFS(OvoTotal!L:L,OvoTotal!$I:$I,"<="&EOMONTH(OvoTotal!$I$3+360,0),OvoTotal!$AW:$AW,Dados!$AN1) -> 0 | AO4: =SUMIFS(OvoTotal!L:L,OvoTotal!$I:$I,"<="&EOMONTH(OvoTotal!$I$3+360,0),OvoTotal!$AW:$AW,Dados!$AO1) -> 0 | AP4: =SUMIFS(OvoTotal!L:L,OvoTotal!$I:$I,"<="&EOMONTH(OvoTotal!$I$3+360,0),OvoTotal!$AW:$AW,Dados!$AP1) -> 0 | AQ4: =SUMIFS(OvoTotal!L:L,OvoTotal!$I:$I,"<="&EOMONTH(OvoTotal!$I$3+360,0),OvoTotal!$AW:$AW,Dados!$AQ1) -> 0 | AR4: =SUMIFS(OvoTotal!L:L,OvoTotal!$I:$I,"<="&EOMONTH(OvoTotal!$I$3+360,0),OvoTotal!$AW:$AW,Dados!$AR1) -> 0 | AS4: =SUMIFS(OvoTotal!L:L,OvoTotal!$I:$I,"<="&EOMONTH(OvoTotal!$I$3+360,0),OvoTotal!$AW:$AW,Dados!$AS1) -> 0 | AT4: =SUMIFS(OvoTotal!L:L,OvoTotal!$I:$I,"<="&EOMONTH(OvoTotal!$I$3+360,0),OvoTotal!$AW:$AW,Dados!$AT1) -> 0 | AU4: =SUMIFS(OvoTotal!L:L,OvoTotal!$I:$I,"<="&EOMONTH(OvoTotal!$I$3+360,0),OvoTotal!$AW:$AW,Dados!$AU1) -> 6194.4914 | AV4: =SUMIFS(OvoTotal!L:L,OvoTotal!$I:$I,"<="&EOMONTH(OvoTotal!$I$3+360,0),OvoTotal!$AW:$AW,Dados!$AV1) -> 35509.888 | AW4: =SUMIFS(OvoTotal!L:L,OvoTotal!$I:$I,"<="&EOMONTH(OvoTotal!$I$3+360,0),OvoTotal!$AW:$AW,Dados!$AW1) -> 68251.924 | AX4: =SUMIFS(OvoTotal!L:L,OvoTotal!$I:$I,"<="&EOMONTH(OvoTotal!$I$3+360,0),OvoTotal!$AW:$AW,Dados!$AX1) -> 138155.57 | AY4: =SUMIFS(OvoTotal!L:L,OvoTotal!$I:$I,"<="&EOMONTH(OvoTotal!$I$3+360,0),OvoTotal!$AW:$AW,Dados!$AY1) -> 225106.54 | AZ4: =SUMIFS(OvoTotal!L:L,OvoTotal!$I:$I,"<="&EOMONTH(OvoTotal!$I$3+360,0),OvoTotal!$AW:$AW,Dados!$AZ1) -> 275062.24 | BA4: =SUMIFS(OvoTotal!L:L,OvoTotal!$I:$I,"<="&EOMONTH(OvoTotal!$I$3+360,0),OvoTotal!$AW:$AW,Dados!$BA1) -> 298378.69 | BB4: =SUMIFS(OvoTotal!L:L,OvoTotal!$I:$I,"<="&EOMONTH(OvoTotal!$I$3+360,0),OvoTotal!$AW:$AW,Dados!$BB1) -> 303336.72 | BC4: =SUMIFS(OvoTotal!L:L,OvoTotal!$I:$I,"<="&EOMONTH(OvoTotal!$I$3+360,0),OvoTotal!$AW:$AW,Dados!$BC1) -> 299155.78 | BD4: =SUMIFS(OvoTotal!L:L,OvoTotal!$I:$I,"<="&EOMONTH(OvoTotal!$I$3+360,0),OvoTotal!$AW:$AW,Dados!$BD1) -> 0 | BF4: =SUMIFS(OvoTotal!L:L,OvoTotal!$I:$I,">="&BF1,OvoTotal!$I:$I,"<="&EOMONTH($BF1,0)) -> 0 | BG4: =SUMIFS(OvoTotal!L:L,OvoTotal!$I:$I,">="&BG1,OvoTotal!$I:$I,"<="&EOMONTH($BG1,0)) -> 0 | BH4: =SUMIFS(OvoTotal!L:L,OvoTotal!$I:$I,">="&BH1,OvoTotal!$I:$I,"<="&EOMONTH($BH1,0)) -> 0 | BI4: =SUMIFS(OvoTotal!L:L,OvoTotal!$I:$I,">="&BI1,OvoTotal!$I:$I,"<="&EOMONTH($BI1,0)) -> 0 | BJ4: =SUMIFS(OvoTotal!L:L,OvoTotal!$I:$I,">="&BJ1,OvoTotal!$I:$I,"<="&EOMONTH($BJ1,0)) -> 0 | BK4: =SUMIFS(OvoTotal!L:L,OvoTotal!$I:$I,">="&BK1,OvoTotal!$I:$I,"<="&EOMONTH($BK1,0)) -> 0 | BL4: =SUMIFS(OvoTotal!L:L,OvoTotal!$I:$I,">="&BL1,OvoTotal!$I:$I,"<="&EOMONTH($BL1,0)) -> 0 | BM4: =SUMIFS(OvoTotal!L:L,OvoTotal!$I:$I,">="&BM1,OvoTotal!$I:$I,"<="&EOMONTH($BM1,0)) -> 0 | BN4: =SUMIFS(OvoTotal!L:L,OvoTotal!$I:$I,">="&BN1,OvoTotal!$I:$I,"<="&EOMONTH($BN1,0)) -> 0 | BO4: =SUMIFS(OvoTotal!L:L,OvoTotal!$I:$I,">="&BO1,OvoTotal!$I:$I,"<="&EOMONTH($BO1,0)) -> 0 | BP4: =SUMIFS(OvoTotal!L:L,OvoTotal!$I:$I,">="&BP1,OvoTotal!$I:$I,"<="&EOMONTH($BP1,0)) -> 0 | BQ4: =SUMIFS(OvoTotal!L:L,OvoTotal!$I:$I,">="&BQ1,OvoTotal!$I:$I,"<="&EOMONTH($BQ1,0)) -> 0
A5: Ovos Tot Prev | B5: =OvoTotal!M2 -> SJ F1 B 322 R | C5: =SUMIFS(OvoTotal!M:M,OvoTotal!$I:$I,"<="&EOMONTH(OvoTotal!$I$3+360,0),OvoTotal!$AW:$AW,Dados!$C1) -> 0 | D5: =SUMIFS(OvoTotal!M:M,OvoTotal!$I:$I,"<="&EOMONTH(OvoTotal!$I$3+360,0),OvoTotal!$AW:$AW,Dados!$D1) -> 0 | E5: =SUMIFS(OvoTotal!M:M,OvoTotal!$I:$I,"<="&EOMONTH(OvoTotal!$I$3+360,0),OvoTotal!$AW:$AW,Dados!$E1) -> 0 | F5: =SUMIFS(OvoTotal!M:M,OvoTotal!$I:$I,"<="&EOMONTH(OvoTotal!$I$3+360,0),OvoTotal!$AW:$AW,Dados!$F1) -> 0 | G5: =SUMIFS(OvoTotal!M:M,OvoTotal!$I:$I,"<="&EOMONTH(OvoTotal!$I$3+360,0),OvoTotal!$AW:$AW,Dados!$G1) -> 0 | H5: =SUMIFS(OvoTotal!M:M,OvoTotal!$I:$I,"<="&EOMONTH(OvoTotal!$I$3+360,0),OvoTotal!$AW:$AW,Dados!$H1) -> 0 | I5: =SUMIFS(OvoTotal!M:M,OvoTotal!$I:$I,"<="&EOMONTH(OvoTotal!$I$3+360,0),OvoTotal!$AW:$AW,Dados!$I1) -> 0 | J5: =SUMIFS(OvoTotal!M:M,OvoTotal!$I:$I,"<="&EOMONTH(OvoTotal!$I$3+360,0),OvoTotal!$AW:$AW,Dados!$J1) -> 0 | K5: =SUMIFS(OvoTotal!M:M,OvoTotal!$I:$I,"<="&EOMONTH(OvoTotal!$I$3+360,0),OvoTotal!$AW:$AW,Dados!$K1) -> 0 | L5: =SUMIFS(OvoTotal!M:M,OvoTotal!$I:$I,"<="&EOMONTH(OvoTotal!$I$3+360,0),OvoTotal!$AW:$AW,Dados!$L1) -> 0 | M5: =SUMIFS(OvoTotal!M:M,OvoTotal!$I:$I,"<="&EOMONTH(OvoTotal!$I$3+360,0),OvoTotal!$AW:$AW,Dados!$M1) -> 0 | N5: =SUMIFS(OvoTotal!M:M,OvoTotal!$I:$I,"<="&EOMONTH(OvoTotal!$I$3+360,0),OvoTotal!$AW:$AW,Dados!$N1) -> 0 | O5: =SUMIFS(OvoTotal!M:M,OvoTotal!$I:$I,"<="&EOMONTH(OvoTotal!$I$3+360,0),OvoTotal!$AW:$AW,Dados!$O1) -> 0 | P5: =SUMIFS(OvoTotal!M:M,OvoTotal!$I:$I,"<="&EOMONTH(OvoTotal!$I$3+360,0),OvoTotal!$AW:$AW,Dados!$P1) -> 0 | Q5: =SUMIFS(OvoTotal!M:M,OvoTotal!$I:$I,"<="&EOMONTH(OvoTotal!$I$3+360,0),OvoTotal!$AW:$AW,Dados!$Q1) -> 0 | R5: =SUMIFS(OvoTotal!M:M,OvoTotal!$I:$I,"<="&EOMONTH(OvoTotal!$I$3+360,0),OvoTotal!$AW:$AW,Dados!$R1) -> 0 | S5: =SUMIFS(OvoTotal!M:M,OvoTotal!$I:$I,"<="&EOMONTH(OvoTotal!$I$3+360,0),OvoTotal!$AW:$AW,Dados!$S1) -> 0 | T5: =SUMIFS(OvoTotal!M:M,OvoTotal!$I:$I,"<="&EOMONTH(OvoTotal!$I$3+360,0),OvoTotal!$AW:$AW,Dados!$T1) -> 0 | U5: =SUMIFS(OvoTotal!M:M,OvoTotal!$I:$I,"<="&EOMONTH(OvoTotal!$I$3+360,0),OvoTotal!$AW:$AW,Dados!$U1) -> 0 | V5: =SUMIFS(OvoTotal!M:M,OvoTotal!$I:$I,"<="&EOMONTH(OvoTotal!$I$3+360,0),OvoTotal!$AW:$AW,Dados!$V1) -> 0 | W5: =SUMIFS(OvoTotal!M:M,OvoTotal!$I:$I,"<="&EOMONTH(OvoTotal!$I$3+360,0),OvoTotal!$AW:$AW,Dados!$W1) -> 0 | X5: =SUMIFS(OvoTotal!M:M,OvoTotal!$I:$I,"<="&EOMONTH(OvoTotal!$I$3+360,0),OvoTotal!$AW:$AW,Dados!$X1) -> 0 | Y5: =SUMIFS(OvoTotal!M:M,OvoTotal!$I:$I,"<="&EOMONTH(OvoTotal!$I$3+360,0),OvoTotal!$AW:$AW,Dados!$Y1) -> 0 | Z5: =SUMIFS(OvoTotal!M:M,OvoTotal!$I:$I,"<="&EOMONTH(OvoTotal!$I$3+360,0),OvoTotal!$AW:$AW,Dados!$Z1) -> 0 | AA5: =SUMIFS(OvoTotal!M:M,OvoTotal!$I:$I,"<="&EOMONTH(OvoTotal!$I$3+360,0),OvoTotal!$AW:$AW,Dados!$AA1) -> 0 | AB5: =SUMIFS(OvoTotal!M:M,OvoTotal!$I:$I,"<="&EOMONTH(OvoTotal!$I$3+360,0),OvoTotal!$AW:$AW,Dados!$AB1) -> 0 | AC5: =SUMIFS(OvoTotal!M:M,OvoTotal!$I:$I,"<="&EOMONTH(OvoTotal!$I$3+360,0),OvoTotal!$AW:$AW,Dados!$AC1) -> 0 | AD5: =SUMIFS(OvoTotal!M:M,OvoTotal!$I:$I,"<="&EOMONTH(OvoTotal!$I$3+360,0),OvoTotal!$AW:$AW,Dados!$AD1) -> 0 | AE5: =SUMIFS(OvoTotal!M:M,OvoTotal!$I:$I,"<="&EOMONTH(OvoTotal!$I$3+360,0),OvoTotal!$AW:$AW,Dados!$AE1) -> 0 | AF5: =SUMIFS(OvoTotal!M:M,OvoTotal!$I:$I,"<="&EOMONTH(OvoTotal!$I$3+360,0),OvoTotal!$AW:$AW,Dados!$AF1) -> 0 | AG5: =SUMIFS(OvoTotal!M:M,OvoTotal!$I:$I,"<="&EOMONTH(OvoTotal!$I$3+360,0),OvoTotal!$AW:$AW,Dados!$AG1) -> 0 | AH5: =SUMIFS(OvoTotal!M:M,OvoTotal!$I:$I,"<="&EOMONTH(OvoTotal!$I$3+360,0),OvoTotal!$AW:$AW,Dados!$AH1) -> 0 | AI5: =SUMIFS(OvoTotal!M:M,OvoTotal!$I:$I,"<="&EOMONTH(OvoTotal!$I$3+360,0),OvoTotal!$AW:$AW,Dados!$AI1) -> 0 | AJ5: =SUMIFS(OvoTotal!M:M,OvoTotal!$I:$I,"<="&EOMONTH(OvoTotal!$I$3+360,0),OvoTotal!$AW:$AW,Dados!$AJ1) -> 0 | AK5: =SUMIFS(OvoTotal!M:M,OvoTotal!$I:$I,"<="&EOMONTH(OvoTotal!$I$3+360,0),OvoTotal!$AW:$AW,Dados!$AK1) -> 0 | AL5: =SUMIFS(OvoTotal!M:M,OvoTotal!$I:$I,"<="&EOMONTH(OvoTotal!$I$3+360,0),OvoTotal!$AW:$AW,Dados!$AL1) -> 0 | AM5: =SUMIFS(OvoTotal!M:M,OvoTotal!$I:$I,"<="&EOMONTH(OvoTotal!$I$3+360,0),OvoTotal!$AW:$AW,Dados!$AM1) -> 0 | AN5: =SUMIFS(OvoTotal!M:M,OvoTotal!$I:$I,"<="&EOMONTH(OvoTotal!$I$3+360,0),OvoTotal!$AW:$AW,Dados!$AN1) -> 0 | AO5: =SUMIFS(OvoTotal!M:M,OvoTotal!$I:$I,"<="&EOMONTH(OvoTotal!$I$3+360,0),OvoTotal!$AW:$AW,Dados!$AO1) -> 0 | AP5: =SUMIFS(OvoTotal!M:M,OvoTotal!$I:$I,"<="&EOMONTH(OvoTotal!$I$3+360,0),OvoTotal!$AW:$AW,Dados!$AP1) -> 0 | AQ5: =SUMIFS(OvoTotal!M:M,OvoTotal!$I:$I,"<="&EOMONTH(OvoTotal!$I$3+360,0),OvoTotal!$AW:$AW,Dados!$AQ1) -> 0 | AR5: =SUMIFS(OvoTotal!M:M,OvoTotal!$I:$I,"<="&EOMONTH(OvoTotal!$I$3+360,0),OvoTotal!$AW:$AW,Dados!$AR1) -> 0 | AS5: =SUMIFS(OvoTotal!M:M,OvoTotal!$I:$I,"<="&EOMONTH(OvoTotal!$I$3+360,0),OvoTotal!$AW:$AW,Dados!$AS1) -> 0 | AT5: =SUMIFS(OvoTotal!M:M,OvoTotal!$I:$I,"<="&EOMONTH(OvoTotal!$I$3+360,0),OvoTotal!$AW:$AW,Dados!$AT1) -> 0 | AU5: =SUMIFS(OvoTotal!M:M,OvoTotal!$I:$I,"<="&EOMONTH(OvoTotal!$I$3+360,0),OvoTotal!$AW:$AW,Dados!$AU1) -> 0 | AV5: =SUMIFS(OvoTotal!M:M,OvoTotal!$I:$I,"<="&EOMONTH(OvoTotal!$I$3+360,0),OvoTotal!$AW:$AW,Dados!$AV1) -> 6194.4914 | AW5: =SUMIFS(OvoTotal!M:M,OvoTotal!$I:$I,"<="&EOMONTH(OvoTotal!$I$3+360,0),OvoTotal!$AW:$AW,Dados!$AW1) -> 35509.888 | AX5: =SUMIFS(OvoTotal!M:M,OvoTotal!$I:$I,"<="&EOMONTH(OvoTotal!$I$3+360,0),OvoTotal!$AW:$AW,Dados!$AX1) -> 68251.924 | AY5: =SUMIFS(OvoTotal!M:M,OvoTotal!$I:$I,"<="&EOMONTH(OvoTotal!$I$3+360,0),OvoTotal!$AW:$AW,Dados!$AY1) -> 138155.57 | AZ5: =SUMIFS(OvoTotal!M:M,OvoTotal!$I:$I,"<="&EOMONTH(OvoTotal!$I$3+360,0),OvoTotal!$AW:$AW,Dados!$AZ1) -> 225106.54 | BA5: =SUMIFS(OvoTotal!M:M,OvoTotal!$I:$I,"<="&EOMONTH(OvoTotal!$I$3+360,0),OvoTotal!$AW:$AW,Dados!$BA1) -> 275062.24 | BB5: =SUMIFS(OvoTotal!M:M,OvoTotal!$I:$I,"<="&EOMONTH(OvoTotal!$I$3+360,0),OvoTotal!$AW:$AW,Dados!$BB1) -> 298378.69 | BC5: =SUMIFS(OvoTotal!M:M,OvoTotal!$I:$I,"<="&EOMONTH(OvoTotal!$I$3+360,0),OvoTotal!$AW:$AW,Dados!$BC1) -> 303336.72 | BD5: =SUMIFS(OvoTotal!M:M,OvoTotal!$I:$I,"<="&EOMONTH(OvoTotal!$I$3+360,0),OvoTotal!$AW:$AW,Dados!$BD1) -> 0 | BF5: =SUMIFS(OvoTotal!M:M,OvoTotal!$I:$I,">="&BF1,OvoTotal!$I:$I,"<="&EOMONTH($BF1,0)) -> 0 | BG5: =SUMIFS(OvoTotal!M:M,OvoTotal!$I:$I,">="&BG1,OvoTotal!$I:$I,"<="&EOMONTH($BG1,0)) -> 0 | BH5: =SUMIFS(OvoTotal!M:M,OvoTotal!$I:$I,">="&BH1,OvoTotal!$I:$I,"<="&EOMONTH($BH1,0)) -> 0 | BI5: =SUMIFS(OvoTotal!M:M,OvoTotal!$I:$I,">="&BI1,OvoTotal!$I:$I,"<="&EOMONTH($BI1,0)) -> 0 | BJ5: =SUMIFS(OvoTotal!M:M,OvoTotal!$I:$I,">="&BJ1,OvoTotal!$I:$I,"<="&EOMONTH($BJ1,0)) -> 0 | BK5: =SUMIFS(OvoTotal!M:M,OvoTotal!$I:$I,">="&BK1,OvoTotal!$I:$I,"<="&EOMONTH($BK1,0)) -> 0 | BL5: =SUMIFS(OvoTotal!M:M,OvoTotal!$I:$I,">="&BL1,OvoTotal!$I:$I,"<="&EOMONTH($BL1,0)) -> 0 | BM5: =SUMIFS(OvoTotal!M:M,OvoTotal!$I:$I,">="&BM1,OvoTotal!$I:$I,"<="&EOMONTH($BM1,0)) -> 0 | BN5: =SUMIFS(OvoTotal!M:M,OvoTotal!$I:$I,">="&BN1,OvoTotal!$I:$I,"<="&EOMONTH($BN1,0)) -> 0 | BO5: =SUMIFS(OvoTotal!M:M,OvoTotal!$I:$I,">="&BO1,OvoTotal!$I:$I,"<="&EOMONTH($BO1,0)) -> 0 | BP5: =SUMIFS(OvoTotal!M:M,OvoTotal!$I:$I,">="&BP1,OvoTotal!$I:$I,"<="&EOMONTH($BP1,0)) -> 0 | BQ5: =SUMIFS(OvoTotal!M:M,OvoTotal!$I:$I,">="&BQ1,OvoTotal!$I:$I,"<="&EOMONTH($BQ1,0)) -> 0
A6: Ovos Tot Prev | B6: =OvoTotal!N2 -> SJ F2 A 421 R | C6: =SUMIFS(OvoTotal!N:N,OvoTotal!$I:$I,"<="&EOMONTH(OvoTotal!$I$3+360,0),OvoTotal!$AW:$AW,Dados!$C1) -> 26082.563 | D6: =SUMIFS(OvoTotal!N:N,OvoTotal!$I:$I,"<="&EOMONTH(OvoTotal!$I$3+360,0),OvoTotal!$AW:$AW,Dados!$D1) -> 214459.12 | E6: =SUMIFS(OvoTotal!N:N,OvoTotal!$I:$I,"<="&EOMONTH(OvoTotal!$I$3+360,0),OvoTotal!$AW:$AW,Dados!$E1) -> 270559.06 | F6: =SUMIFS(OvoTotal!N:N,OvoTotal!$I:$I,"<="&EOMONTH(OvoTotal!$I$3+360,0),OvoTotal!$AW:$AW,Dados!$F1) -> 295926.05 | G6: =SUMIFS(OvoTotal!N:N,OvoTotal!$I:$I,"<="&EOMONTH(OvoTotal!$I$3+360,0),OvoTotal!$AW:$AW,Dados!$G1) -> 303935.32 | H6: =SUMIFS(OvoTotal!N:N,OvoTotal!$I:$I,"<="&EOMONTH(OvoTotal!$I$3+360,0),OvoTotal!$AW:$AW,Dados!$H1) -> 299752.06 | I6: =SUMIFS(OvoTotal!N:N,OvoTotal!$I:$I,"<="&EOMONTH(OvoTotal!$I$3+360,0),OvoTotal!$AW:$AW,Dados!$I1) -> 295585.05 | J6: =SUMIFS(OvoTotal!N:N,OvoTotal!$I:$I,"<="&EOMONTH(OvoTotal!$I$3+360,0),OvoTotal!$AW:$AW,Dados!$J1) -> 291434.23 | K6: =SUMIFS(OvoTotal!N:N,OvoTotal!$I:$I,"<="&EOMONTH(OvoTotal!$I$3+360,0),OvoTotal!$AW:$AW,Dados!$K1) -> 287299.55 | L6: =SUMIFS(OvoTotal!N:N,OvoTotal!$I:$I,"<="&EOMONTH(OvoTotal!$I$3+360,0),OvoTotal!$AW:$AW,Dados!$L1) -> 283180.97 | M6: =SUMIFS(OvoTotal!N:N,OvoTotal!$I:$I,"<="&EOMONTH(OvoTotal!$I$3+360,0),OvoTotal!$AW:$AW,Dados!$M1) -> 279078.44 | N6: =SUMIFS(OvoTotal!N:N,OvoTotal!$I:$I,"<="&EOMONTH(OvoTotal!$I$3+360,0),OvoTotal!$AW:$AW,Dados!$N1) -> 274991.9 | O6: =SUMIFS(OvoTotal!N:N,OvoTotal!$I:$I,"<="&EOMONTH(OvoTotal!$I$3+360,0),OvoTotal!$AW:$AW,Dados!$O1) -> 270921.31 | P6: =SUMIFS(OvoTotal!N:N,OvoTotal!$I:$I,"<="&EOMONTH(OvoTotal!$I$3+360,0),OvoTotal!$AW:$AW,Dados!$P1) -> 266866.62 | Q6: =SUMIFS(OvoTotal!N:N,OvoTotal!$I:$I,"<="&EOMONTH(OvoTotal!$I$3+360,0),OvoTotal!$AW:$AW,Dados!$Q1) -> 262827.78 | R6: =SUMIFS(OvoTotal!N:N,OvoTotal!$I:$I,"<="&EOMONTH(OvoTotal!$I$3+360,0),OvoTotal!$AW:$AW,Dados!$R1) -> 258804.74 | S6: =SUMIFS(OvoTotal!N:N,OvoTotal!$I:$I,"<="&EOMONTH(OvoTotal!$I$3+360,0),OvoTotal!$AW:$AW,Dados!$S1) -> 254797.45 | T6: =SUMIFS(OvoTotal!N:N,OvoTotal!$I:$I,"<="&EOMONTH(OvoTotal!$I$3+360,0),OvoTotal!$AW:$AW,Dados!$T1) -> 250805.87 | U6: =SUMIFS(OvoTotal!N:N,OvoTotal!$I:$I,"<="&EOMONTH(OvoTotal!$I$3+360,0),OvoTotal!$AW:$AW,Dados!$U1) -> 246829.94 | V6: =SUMIFS(OvoTotal!N:N,OvoTotal!$I:$I,"<="&EOMONTH(OvoTotal!$I$3+360,0),OvoTotal!$AW:$AW,Dados!$V1) -> 242869.61 | W6: =SUMIFS(OvoTotal!N:N,OvoTotal!$I:$I,"<="&EOMONTH(OvoTotal!$I$3+360,0),OvoTotal!$AW:$AW,Dados!$W1) -> 238924.85 | X6: =SUMIFS(OvoTotal!N:N,OvoTotal!$I:$I,"<="&EOMONTH(OvoTotal!$I$3+360,0),OvoTotal!$AW:$AW,Dados!$X1) -> 234995.6 | Y6: =SUMIFS(OvoTotal!N:N,OvoTotal!$I:$I,"<="&EOMONTH(OvoTotal!$I$3+360,0),OvoTotal!$AW:$AW,Dados!$Y1) -> 231081.81 | Z6: =SUMIFS(OvoTotal!N:N,OvoTotal!$I:$I,"<="&EOMONTH(OvoTotal!$I$3+360,0),OvoTotal!$AW:$AW,Dados!$Z1) -> 227183.44 | AA6: =SUMIFS(OvoTotal!N:N,OvoTotal!$I:$I,"<="&EOMONTH(OvoTotal!$I$3+360,0),OvoTotal!$AW:$AW,Dados!$AA1) -> 223300.44 | AB6: =SUMIFS(OvoTotal!N:N,OvoTotal!$I:$I,"<="&EOMONTH(OvoTotal!$I$3+360,0),OvoTotal!$AW:$AW,Dados!$AB1) -> 219432.76 | AC6: =SUMIFS(OvoTotal!N:N,OvoTotal!$I:$I,"<="&EOMONTH(OvoTotal!$I$3+360,0),OvoTotal!$AW:$AW,Dados!$AC1) -> 215580.35 | AD6: =SUMIFS(OvoTotal!N:N,OvoTotal!$I:$I,"<="&EOMONTH(OvoTotal!$I$3+360,0),OvoTotal!$AW:$AW,Dados!$AD1) -> 211743.17 | AE6: =SUMIFS(OvoTotal!N:N,OvoTotal!$I:$I,"<="&EOMONTH(OvoTotal!$I$3+360,0),OvoTotal!$AW:$AW,Dados!$AE1) -> 207921.17 | AF6: =SUMIFS(OvoTotal!N:N,OvoTotal!$I:$I,"<="&EOMONTH(OvoTotal!$I$3+360,0),OvoTotal!$AW:$AW,Dados!$AF1) -> 204114.3 | AG6: =SUMIFS(OvoTotal!N:N,OvoTotal!$I:$I,"<="&EOMONTH(OvoTotal!$I$3+360,0),OvoTotal!$AW:$AW,Dados!$AG1) -> 200322.51 | AH6: =SUMIFS(OvoTotal!N:N,OvoTotal!$I:$I,"<="&EOMONTH(OvoTotal!$I$3+360,0),OvoTotal!$AW:$AW,Dados!$AH1) -> 196545.77 | AI6: =SUMIFS(OvoTotal!N:N,OvoTotal!$I:$I,"<="&EOMONTH(OvoTotal!$I$3+360,0),OvoTotal!$AW:$AW,Dados!$AI1) -> 192784.02 | AJ6: =SUMIFS(OvoTotal!N:N,OvoTotal!$I:$I,"<="&EOMONTH(OvoTotal!$I$3+360,0),OvoTotal!$AW:$AW,Dados!$AJ1) -> 189037.22 | AK6: =SUMIFS(OvoTotal!N:N,OvoTotal!$I:$I,"<="&EOMONTH(OvoTotal!$I$3+360,0),OvoTotal!$AW:$AW,Dados!$AK1) -> 185305.31 | AL6: =SUMIFS(OvoTotal!N:N,OvoTotal!$I:$I,"<="&EOMONTH(OvoTotal!$I$3+360,0),OvoTotal!$AW:$AW,Dados!$AL1) -> 181588.26 | AM6: =SUMIFS(OvoTotal!N:N,OvoTotal!$I:$I,"<="&EOMONTH(OvoTotal!$I$3+360,0),OvoTotal!$AW:$AW,Dados!$AM1) -> 177886.02 | AN6: =SUMIFS(OvoTotal!N:N,OvoTotal!$I:$I,"<="&EOMONTH(OvoTotal!$I$3+360,0),OvoTotal!$AW:$AW,Dados!$AN1) -> 174198.55 | AO6: =SUMIFS(OvoTotal!N:N,OvoTotal!$I:$I,"<="&EOMONTH(OvoTotal!$I$3+360,0),OvoTotal!$AW:$AW,Dados!$AO1) -> 170525.78 | AP6: =SUMIFS(OvoTotal!N:N,OvoTotal!$I:$I,"<="&EOMONTH(OvoTotal!$I$3+360,0),OvoTotal!$AW:$AW,Dados!$AP1) -> 165454.42 | AQ6: =SUMIFS(OvoTotal!N:N,OvoTotal!$I:$I,"<="&EOMONTH(OvoTotal!$I$3+360,0),OvoTotal!$AW:$AW,Dados!$AQ1) -> 92236.911 | AR6: =SUMIFS(OvoTotal!N:N,OvoTotal!$I:$I,"<="&EOMONTH(OvoTotal!$I$3+360,0),OvoTotal!$AW:$AW,Dados!$AR1) -> 0 | AS6: =SUMIFS(OvoTotal!N:N,OvoTotal!$I:$I,"<="&EOMONTH(OvoTotal!$I$3+360,0),OvoTotal!$AW:$AW,Dados!$AS1) -> 0 | AT6: =SUMIFS(OvoTotal!N:N,OvoTotal!$I:$I,"<="&EOMONTH(OvoTotal!$I$3+360,0),OvoTotal!$AW:$AW,Dados!$AT1) -> 0 | AU6: =SUMIFS(OvoTotal!N:N,OvoTotal!$I:$I,"<="&EOMONTH(OvoTotal!$I$3+360,0),OvoTotal!$AW:$AW,Dados!$AU1) -> 0 | AV6: =SUMIFS(OvoTotal!N:N,OvoTotal!$I:$I,"<="&EOMONTH(OvoTotal!$I$3+360,0),OvoTotal!$AW:$AW,Dados!$AV1) -> 0 | AW6: =SUMIFS(OvoTotal!N:N,OvoTotal!$I:$I,"<="&EOMONTH(OvoTotal!$I$3+360,0),OvoTotal!$AW:$AW,Dados!$AW1) -> 0 | AX6: =SUMIFS(OvoTotal!N:N,OvoTotal!$I:$I,"<="&EOMONTH(OvoTotal!$I$3+360,0),OvoTotal!$AW:$AW,Dados!$AX1) -> 0 | AY6: =SUMIFS(OvoTotal!N:N,OvoTotal!$I:$I,"<="&EOMONTH(OvoTotal!$I$3+360,0),OvoTotal!$AW:$AW,Dados!$AY1) -> 0 | AZ6: =SUMIFS(OvoTotal!N:N,OvoTotal!$I:$I,"<="&EOMONTH(OvoTotal!$I$3+360,0),OvoTotal!$AW:$AW,Dados!$AZ1) -> 0 | BA6: =SUMIFS(OvoTotal!N:N,OvoTotal!$I:$I,"<="&EOMONTH(OvoTotal!$I$3+360,0),OvoTotal!$AW:$AW,Dados!$BA1) -> 0 | BB6: =SUMIFS(OvoTotal!N:N,OvoTotal!$I:$I,"<="&EOMONTH(OvoTotal!$I$3+360,0),OvoTotal!$AW:$AW,Dados!$BB1) -> 0 | BC6: =SUMIFS(OvoTotal!N:N,OvoTotal!$I:$I,"<="&EOMONTH(OvoTotal!$I$3+360,0),OvoTotal!$AW:$AW,Dados!$BC1) -> 0 | BD6: =SUMIFS(OvoTotal!N:N,OvoTotal!$I:$I,"<="&EOMONTH(OvoTotal!$I$3+360,0),OvoTotal!$AW:$AW,Dados!$BD1) -> 0 | BF6: =SUMIFS(OvoTotal!N:N,OvoTotal!$I:$I,">="&BF1,OvoTotal!$I:$I,"<="&EOMONTH($BF1,0)) -> 0 | BG6: =SUMIFS(OvoTotal!N:N,OvoTotal!$I:$I,">="&BG1,OvoTotal!$I:$I,"<="&EOMONTH($BG1,0)) -> 0 | BH6: =SUMIFS(OvoTotal!N:N,OvoTotal!$I:$I,">="&BH1,OvoTotal!$I:$I,"<="&EOMONTH($BH1,0)) -> 0 | BI6: =SUMIFS(OvoTotal!N:N,OvoTotal!$I:$I,">="&BI1,OvoTotal!$I:$I,"<="&EOMONTH($BI1,0)) -> 0 | BJ6: =SUMIFS(OvoTotal!N:N,OvoTotal!$I:$I,">="&BJ1,OvoTotal!$I:$I,"<="&EOMONTH($BJ1,0)) -> 0 | BK6: =SUMIFS(OvoTotal!N:N,OvoTotal!$I:$I,">="&BK1,OvoTotal!$I:$I,"<="&EOMONTH($BK1,0)) -> 0 | BL6: =SUMIFS(OvoTotal!N:N,OvoTotal!$I:$I,">="&BL1,OvoTotal!$I:$I,"<="&EOMONTH($BL1,0)) -> 0 | BM6: =SUMIFS(OvoTotal!N:N,OvoTotal!$I:$I,">="&BM1,OvoTotal!$I:$I,"<="&EOMONTH($BM1,0)) -> 0 | BN6: =SUMIFS(OvoTotal!N:N,OvoTotal!$I:$I,">="&BN1,OvoTotal!$I:$I,"<="&EOMONTH($BN1,0)) -> 0 | BO6: =SUMIFS(OvoTotal!N:N,OvoTotal!$I:$I,">="&BO1,OvoTotal!$I:$I,"<="&EOMONTH($BO1,0)) -> 0 | BP6: =SUMIFS(OvoTotal!N:N,OvoTotal!$I:$I,">="&BP1,OvoTotal!$I:$I,"<="&EOMONTH($BP1,0)) -> 0 | BQ6: =SUMIFS(OvoTotal!N:N,OvoTotal!$I:$I,">="&BQ1,OvoTotal!$I:$I,"<="&EOMONTH($BQ1,0)) -> 0
A7: Ovos Tot Prev | B7: =OvoTotal!O2 -> SJ F2 B 521 R | C7: =SUMIFS(OvoTotal!O:O,OvoTotal!$I:$I,"<="&EOMONTH(OvoTotal!$I$3+360,0),OvoTotal!$AW:$AW,Dados!$C1) -> 7701.7293 | D7: =SUMIFS(OvoTotal!O:O,OvoTotal!$I:$I,"<="&EOMONTH(OvoTotal!$I$3+360,0),OvoTotal!$AW:$AW,Dados!$D1) -> 78941.663 | E7: =SUMIFS(OvoTotal!O:O,OvoTotal!$I:$I,"<="&EOMONTH(OvoTotal!$I$3+360,0),OvoTotal!$AW:$AW,Dados!$E1) -> 182509.4 | F7: =SUMIFS(OvoTotal!O:O,OvoTotal!$I:$I,"<="&EOMONTH(OvoTotal!$I$3+360,0),OvoTotal!$AW:$AW,Dados!$F1) -> 257041.37 | G7: =SUMIFS(OvoTotal!O:O,OvoTotal!$I:$I,"<="&EOMONTH(OvoTotal!$I$3+360,0),OvoTotal!$AW:$AW,Dados!$G1) -> 288563.68 | H7: =SUMIFS(OvoTotal!O:O,OvoTotal!$I:$I,"<="&EOMONTH(OvoTotal!$I$3+360,0),OvoTotal!$AW:$AW,Dados!$H1) -> 305732.22 | I7: =SUMIFS(OvoTotal!O:O,OvoTotal!$I:$I,"<="&EOMONTH(OvoTotal!$I$3+360,0),OvoTotal!$AW:$AW,Dados!$I1) -> 301541.98 | J7: =SUMIFS(OvoTotal!O:O,OvoTotal!$I:$I,"<="&EOMONTH(OvoTotal!$I$3+360,0),OvoTotal!$AW:$AW,Dados!$J1) -> 297368.01 | K7: =SUMIFS(OvoTotal!O:O,OvoTotal!$I:$I,"<="&EOMONTH(OvoTotal!$I$3+360,0),OvoTotal!$AW:$AW,Dados!$K1) -> 293210.26 | L7: =SUMIFS(OvoTotal!O:O,OvoTotal!$I:$I,"<="&EOMONTH(OvoTotal!$I$3+360,0),OvoTotal!$AW:$AW,Dados!$L1) -> 289068.68 | M7: =SUMIFS(OvoTotal!O:O,OvoTotal!$I:$I,"<="&EOMONTH(OvoTotal!$I$3+360,0),OvoTotal!$AW:$AW,Dados!$M1) -> 284943.21 | N7: =SUMIFS(OvoTotal!O:O,OvoTotal!$I:$I,"<="&EOMONTH(OvoTotal!$I$3+360,0),OvoTotal!$AW:$AW,Dados!$N1) -> 280833.8 | O7: =SUMIFS(OvoTotal!O:O,OvoTotal!$I:$I,"<="&EOMONTH(OvoTotal!$I$3+360,0),OvoTotal!$AW:$AW,Dados!$O1) -> 276740.42 | P7: =SUMIFS(OvoTotal!O:O,OvoTotal!$I:$I,"<="&EOMONTH(OvoTotal!$I$3+360,0),OvoTotal!$AW:$AW,Dados!$P1) -> 272663 | Q7: =SUMIFS(OvoTotal!O:O,OvoTotal!$I:$I,"<="&EOMONTH(OvoTotal!$I$3+360,0),OvoTotal!$AW:$AW,Dados!$Q1) -> 268601.5 | R7: =SUMIFS(OvoTotal!O:O,OvoTotal!$I:$I,"<="&EOMONTH(OvoTotal!$I$3+360,0),OvoTotal!$AW:$AW,Dados!$R1) -> 264555.88 | S7: =SUMIFS(OvoTotal!O:O,OvoTotal!$I:$I,"<="&EOMONTH(OvoTotal!$I$3+360,0),OvoTotal!$AW:$AW,Dados!$S1) -> 260526.07 | T7: =SUMIFS(OvoTotal!O:O,OvoTotal!$I:$I,"<="&EOMONTH(OvoTotal!$I$3+360,0),OvoTotal!$AW:$AW,Dados!$T1) -> 256512.04 | U7: =SUMIFS(OvoTotal!O:O,OvoTotal!$I:$I,"<="&EOMONTH(OvoTotal!$I$3+360,0),OvoTotal!$AW:$AW,Dados!$U1) -> 252513.73 | V7: =SUMIFS(OvoTotal!O:O,OvoTotal!$I:$I,"<="&EOMONTH(OvoTotal!$I$3+360,0),OvoTotal!$AW:$AW,Dados!$V1) -> 248531.1 | W7: =SUMIFS(OvoTotal!O:O,OvoTotal!$I:$I,"<="&EOMONTH(OvoTotal!$I$3+360,0),OvoTotal!$AW:$AW,Dados!$W1) -> 244564.1 | X7: =SUMIFS(OvoTotal!O:O,OvoTotal!$I:$I,"<="&EOMONTH(OvoTotal!$I$3+360,0),OvoTotal!$AW:$AW,Dados!$X1) -> 240612.68 | Y7: =SUMIFS(OvoTotal!O:O,OvoTotal!$I:$I,"<="&EOMONTH(OvoTotal!$I$3+360,0),OvoTotal!$AW:$AW,Dados!$Y1) -> 236676.79 | Z7: =SUMIFS(OvoTotal!O:O,OvoTotal!$I:$I,"<="&EOMONTH(OvoTotal!$I$3+360,0),OvoTotal!$AW:$AW,Dados!$Z1) -> 232756.38 | AA7: =SUMIFS(OvoTotal!O:O,OvoTotal!$I:$I,"<="&EOMONTH(OvoTotal!$I$3+360,0),OvoTotal!$AW:$AW,Dados!$AA1) -> 228851.41 | AB7: =SUMIFS(OvoTotal!O:O,OvoTotal!$I:$I,"<="&EOMONTH(OvoTotal!$I$3+360,0),OvoTotal!$AW:$AW,Dados!$AB1) -> 224961.83 | AC7: =SUMIFS(OvoTotal!O:O,OvoTotal!$I:$I,"<="&EOMONTH(OvoTotal!$I$3+360,0),OvoTotal!$AW:$AW,Dados!$AC1) -> 221087.59 | AD7: =SUMIFS(OvoTotal!O:O,OvoTotal!$I:$I,"<="&EOMONTH(OvoTotal!$I$3+360,0),OvoTotal!$AW:$AW,Dados!$AD1) -> 217228.64 | AE7: =SUMIFS(OvoTotal!O:O,OvoTotal!$I:$I,"<="&EOMONTH(OvoTotal!$I$3+360,0),OvoTotal!$AW:$AW,Dados!$AE1) -> 213384.94 | AF7: =SUMIFS(OvoTotal!O:O,OvoTotal!$I:$I,"<="&EOMONTH(OvoTotal!$I$3+360,0),OvoTotal!$AW:$AW,Dados!$AF1) -> 209556.44 | AG7: =SUMIFS(OvoTotal!O:O,OvoTotal!$I:$I,"<="&EOMONTH(OvoTotal!$I$3+360,0),OvoTotal!$AW:$AW,Dados!$AG1) -> 205743.09 | AH7: =SUMIFS(OvoTotal!O:O,OvoTotal!$I:$I,"<="&EOMONTH(OvoTotal!$I$3+360,0),OvoTotal!$AW:$AW,Dados!$AH1) -> 201944.85 | AI7: =SUMIFS(OvoTotal!O:O,OvoTotal!$I:$I,"<="&EOMONTH(OvoTotal!$I$3+360,0),OvoTotal!$AW:$AW,Dados!$AI1) -> 198161.67 | AJ7: =SUMIFS(OvoTotal!O:O,OvoTotal!$I:$I,"<="&EOMONTH(OvoTotal!$I$3+360,0),OvoTotal!$AW:$AW,Dados!$AJ1) -> 194393.5 | AK7: =SUMIFS(OvoTotal!O:O,OvoTotal!$I:$I,"<="&EOMONTH(OvoTotal!$I$3+360,0),OvoTotal!$AW:$AW,Dados!$AK1) -> 190640.3 | AL7: =SUMIFS(OvoTotal!O:O,OvoTotal!$I:$I,"<="&EOMONTH(OvoTotal!$I$3+360,0),OvoTotal!$AW:$AW,Dados!$AL1) -> 186902.02 | AM7: =SUMIFS(OvoTotal!O:O,OvoTotal!$I:$I,"<="&EOMONTH(OvoTotal!$I$3+360,0),OvoTotal!$AW:$AW,Dados!$AM1) -> 183178.61 | AN7: =SUMIFS(OvoTotal!O:O,OvoTotal!$I:$I,"<="&EOMONTH(OvoTotal!$I$3+360,0),OvoTotal!$AW:$AW,Dados!$AN1) -> 179470.03 | AO7: =SUMIFS(OvoTotal!O:O,OvoTotal!$I:$I,"<="&EOMONTH(OvoTotal!$I$3+360,0),OvoTotal!$AW:$AW,Dados!$AO1) -> 175776.23 | AP7: =SUMIFS(OvoTotal!O:O,OvoTotal!$I:$I,"<="&EOMONTH(OvoTotal!$I$3+360,0),OvoTotal!$AW:$AW,Dados!$AP1) -> 172097.17 | AQ7: =SUMIFS(OvoTotal!O:O,OvoTotal!$I:$I,"<="&EOMONTH(OvoTotal!$I$3+360,0),OvoTotal!$AW:$AW,Dados!$AQ1) -> 168432.8 | AR7: =SUMIFS(OvoTotal!O:O,OvoTotal!$I:$I,"<="&EOMONTH(OvoTotal!$I$3+360,0),OvoTotal!$AW:$AW,Dados!$AR1) -> 161487.42 | AS7: =SUMIFS(OvoTotal!O:O,OvoTotal!$I:$I,"<="&EOMONTH(OvoTotal!$I$3+360,0),OvoTotal!$AW:$AW,Dados!$AS1) -> 0 | AT7: =SUMIFS(OvoTotal!O:O,OvoTotal!$I:$I,"<="&EOMONTH(OvoTotal!$I$3+360,0),OvoTotal!$AW:$AW,Dados!$AT1) -> 0 | AU7: =SUMIFS(OvoTotal!O:O,OvoTotal!$I:$I,"<="&EOMONTH(OvoTotal!$I$3+360,0),OvoTotal!$AW:$AW,Dados!$AU1) -> 0 | AV7: =SUMIFS(OvoTotal!O:O,OvoTotal!$I:$I,"<="&EOMONTH(OvoTotal!$I$3+360,0),OvoTotal!$AW:$AW,Dados!$AV1) -> 0 | AW7: =SUMIFS(OvoTotal!O:O,OvoTotal!$I:$I,"<="&EOMONTH(OvoTotal!$I$3+360,0),OvoTotal!$AW:$AW,Dados!$AW1) -> 0 | AX7: =SUMIFS(OvoTotal!O:O,OvoTotal!$I:$I,"<="&EOMONTH(OvoTotal!$I$3+360,0),OvoTotal!$AW:$AW,Dados!$AX1) -> 0 | AY7: =SUMIFS(OvoTotal!O:O,OvoTotal!$I:$I,"<="&EOMONTH(OvoTotal!$I$3+360,0),OvoTotal!$AW:$AW,Dados!$AY1) -> 0 | AZ7: =SUMIFS(OvoTotal!O:O,OvoTotal!$I:$I,"<="&EOMONTH(OvoTotal!$I$3+360,0),OvoTotal!$AW:$AW,Dados!$AZ1) -> 0 | BA7: =SUMIFS(OvoTotal!O:O,OvoTotal!$I:$I,"<="&EOMONTH(OvoTotal!$I$3+360,0),OvoTotal!$AW:$AW,Dados!$BA1) -> 0 | BB7: =SUMIFS(OvoTotal!O:O,OvoTotal!$I:$I,"<="&EOMONTH(OvoTotal!$I$3+360,0),OvoTotal!$AW:$AW,Dados!$BB1) -> 0 | BC7: =SUMIFS(OvoTotal!O:O,OvoTotal!$I:$I,"<="&EOMONTH(OvoTotal!$I$3+360,0),OvoTotal!$AW:$AW,Dados!$BC1) -> 0 | BD7: =SUMIFS(OvoTotal!O:O,OvoTotal!$I:$I,"<="&EOMONTH(OvoTotal!$I$3+360,0),OvoTotal!$AW:$AW,Dados!$BD1) -> 0 | BF7: =SUMIFS(OvoTotal!O:O,OvoTotal!$I:$I,">="&BF1,OvoTotal!$I:$I,"<="&EOMONTH($BF1,0)) -> 0 | BG7: =SUMIFS(OvoTotal!O:O,OvoTotal!$I:$I,">="&BG1,OvoTotal!$I:$I,"<="&EOMONTH($BG1,0)) -> 0 | BH7: =SUMIFS(OvoTotal!O:O,OvoTotal!$I:$I,">="&BH1,OvoTotal!$I:$I,"<="&EOMONTH($BH1,0)) -> 0 | BI7: =SUMIFS(OvoTotal!O:O,OvoTotal!$I:$I,">="&BI1,OvoTotal!$I:$I,"<="&EOMONTH($BI1,0)) -> 0 | BJ7: =SUMIFS(OvoTotal!O:O,OvoTotal!$I:$I,">="&BJ1,OvoTotal!$I:$I,"<="&EOMONTH($BJ1,0)) -> 0 | BK7: =SUMIFS(OvoTotal!O:O,OvoTotal!$I:$I,">="&BK1,OvoTotal!$I:$I,"<="&EOMONTH($BK1,0)) -> 0 | BL7: =SUMIFS(OvoTotal!O:O,OvoTotal!$I:$I,">="&BL1,OvoTotal!$I:$I,"<="&EOMONTH($BL1,0)) -> 0 | BM7: =SUMIFS(OvoTotal!O:O,OvoTotal!$I:$I,">="&BM1,OvoTotal!$I:$I,"<="&EOMONTH($BM1,0)) -> 0 | BN7: =SUMIFS(OvoTotal!O:O,OvoTotal!$I:$I,">="&BN1,OvoTotal!$I:$I,"<="&EOMONTH($BN1,0)) -> 0 | BO7: =SUMIFS(OvoTotal!O:O,OvoTotal!$I:$I,">="&BO1,OvoTotal!$I:$I,"<="&EOMONTH($BO1,0)) -> 0 | BP7: =SUMIFS(OvoTotal!O:O,OvoTotal!$I:$I,">="&BP1,OvoTotal!$I:$I,"<="&EOMONTH($BP1,0)) -> 0 | BQ7: =SUMIFS(OvoTotal!O:O,OvoTotal!$I:$I,">="&BQ1,OvoTotal!$I:$I,"<="&EOMONTH($BQ1,0)) -> 0
A8: Ovos Tot Prev | B8: =OvoTotal!P2 -> SJ F2 A 422 R | C8: =SUMIFS(OvoTotal!P:P,OvoTotal!$I:$I,"<="&EOMONTH(OvoTotal!$I$3+360,0),OvoTotal!$AW:$AW,Dados!$C1) -> 0 | D8: =SUMIFS(OvoTotal!P:P,OvoTotal!$I:$I,"<="&EOMONTH(OvoTotal!$I$3+360,0),OvoTotal!$AW:$AW,Dados!$D1) -> 0 | E8: =SUMIFS(OvoTotal!P:P,OvoTotal!$I:$I,"<="&EOMONTH(OvoTotal!$I$3+360,0),OvoTotal!$AW:$AW,Dados!$E1) -> 0 | F8: =SUMIFS(OvoTotal!P:P,OvoTotal!$I:$I,"<="&EOMONTH(OvoTotal!$I$3+360,0),OvoTotal!$AW:$AW,Dados!$F1) -> 0 | G8: =SUMIFS(OvoTotal!P:P,OvoTotal!$I:$I,"<="&EOMONTH(OvoTotal!$I$3+360,0),OvoTotal!$AW:$AW,Dados!$G1) -> 0 | H8: =SUMIFS(OvoTotal!P:P,OvoTotal!$I:$I,"<="&EOMONTH(OvoTotal!$I$3+360,0),OvoTotal!$AW:$AW,Dados!$H1) -> 0 | I8: =SUMIFS(OvoTotal!P:P,OvoTotal!$I:$I,"<="&EOMONTH(OvoTotal!$I$3+360,0),OvoTotal!$AW:$AW,Dados!$I1) -> 0 | J8: =SUMIFS(OvoTotal!P:P,OvoTotal!$I:$I,"<="&EOMONTH(OvoTotal!$I$3+360,0),OvoTotal!$AW:$AW,Dados!$J1) -> 0 | K8: =SUMIFS(OvoTotal!P:P,OvoTotal!$I:$I,"<="&EOMONTH(OvoTotal!$I$3+360,0),OvoTotal!$AW:$AW,Dados!$K1) -> 0 | L8: =SUMIFS(OvoTotal!P:P,OvoTotal!$I:$I,"<="&EOMONTH(OvoTotal!$I$3+360,0),OvoTotal!$AW:$AW,Dados!$L1) -> 0 | M8: =SUMIFS(OvoTotal!P:P,OvoTotal!$I:$I,"<="&EOMONTH(OvoTotal!$I$3+360,0),OvoTotal!$AW:$AW,Dados!$M1) -> 0 | N8: =SUMIFS(OvoTotal!P:P,OvoTotal!$I:$I,"<="&EOMONTH(OvoTotal!$I$3+360,0),OvoTotal!$AW:$AW,Dados!$N1) -> 0 | O8: =SUMIFS(OvoTotal!P:P,OvoTotal!$I:$I,"<="&EOMONTH(OvoTotal!$I$3+360,0),OvoTotal!$AW:$AW,Dados!$O1) -> 0 | P8: =SUMIFS(OvoTotal!P:P,OvoTotal!$I:$I,"<="&EOMONTH(OvoTotal!$I$3+360,0),OvoTotal!$AW:$AW,Dados!$P1) -> 0 | Q8: =SUMIFS(OvoTotal!P:P,OvoTotal!$I:$I,"<="&EOMONTH(OvoTotal!$I$3+360,0),OvoTotal!$AW:$AW,Dados!$Q1) -> 0 | R8: =SUMIFS(OvoTotal!P:P,OvoTotal!$I:$I,"<="&EOMONTH(OvoTotal!$I$3+360,0),OvoTotal!$AW:$AW,Dados!$R1) -> 0 | S8: =SUMIFS(OvoTotal!P:P,OvoTotal!$I:$I,"<="&EOMONTH(OvoTotal!$I$3+360,0),OvoTotal!$AW:$AW,Dados!$S1) -> 0 | T8: =SUMIFS(OvoTotal!P:P,OvoTotal!$I:$I,"<="&EOMONTH(OvoTotal!$I$3+360,0),OvoTotal!$AW:$AW,Dados!$T1) -> 0 | U8: =SUMIFS(OvoTotal!P:P,OvoTotal!$I:$I,"<="&EOMONTH(OvoTotal!$I$3+360,0),OvoTotal!$AW:$AW,Dados!$U1) -> 0 | V8: =SUMIFS(OvoTotal!P:P,OvoTotal!$I:$I,"<="&EOMONTH(OvoTotal!$I$3+360,0),OvoTotal!$AW:$AW,Dados!$V1) -> 0 | W8: =SUMIFS(OvoTotal!P:P,OvoTotal!$I:$I,"<="&EOMONTH(OvoTotal!$I$3+360,0),OvoTotal!$AW:$AW,Dados!$W1) -> 0 | X8: =SUMIFS(OvoTotal!P:P,OvoTotal!$I:$I,"<="&EOMONTH(OvoTotal!$I$3+360,0),OvoTotal!$AW:$AW,Dados!$X1) -> 0 | Y8: =SUMIFS(OvoTotal!P:P,OvoTotal!$I:$I,"<="&EOMONTH(OvoTotal!$I$3+360,0),OvoTotal!$AW:$AW,Dados!$Y1) -> 0 | Z8: =SUMIFS(OvoTotal!P:P,OvoTotal!$I:$I,"<="&EOMONTH(OvoTotal!$I$3+360,0),OvoTotal!$AW:$AW,Dados!$Z1) -> 0 | AA8: =SUMIFS(OvoTotal!P:P,OvoTotal!$I:$I,"<="&EOMONTH(OvoTotal!$I$3+360,0),OvoTotal!$AW:$AW,Dados!$AA1) -> 0 | AB8: =SUMIFS(OvoTotal!P:P,OvoTotal!$I:$I,"<="&EOMONTH(OvoTotal!$I$3+360,0),OvoTotal!$AW:$AW,Dados!$AB1) -> 0 | AC8: =SUMIFS(OvoTotal!P:P,OvoTotal!$I:$I,"<="&EOMONTH(OvoTotal!$I$3+360,0),OvoTotal!$AW:$AW,Dados!$AC1) -> 0 | AD8: =SUMIFS(OvoTotal!P:P,OvoTotal!$I:$I,"<="&EOMONTH(OvoTotal!$I$3+360,0),OvoTotal!$AW:$AW,Dados!$AD1) -> 0 | AE8: =SUMIFS(OvoTotal!P:P,OvoTotal!$I:$I,"<="&EOMONTH(OvoTotal!$I$3+360,0),OvoTotal!$AW:$AW,Dados!$AE1) -> 0 | AF8: =SUMIFS(OvoTotal!P:P,OvoTotal!$I:$I,"<="&EOMONTH(OvoTotal!$I$3+360,0),OvoTotal!$AW:$AW,Dados!$AF1) -> 0 | AG8: =SUMIFS(OvoTotal!P:P,OvoTotal!$I:$I,"<="&EOMONTH(OvoTotal!$I$3+360,0),OvoTotal!$AW:$AW,Dados!$AG1) -> 0 | AH8: =SUMIFS(OvoTotal!P:P,OvoTotal!$I:$I,"<="&EOMONTH(OvoTotal!$I$3+360,0),OvoTotal!$AW:$AW,Dados!$AH1) -> 0 | AI8: =SUMIFS(OvoTotal!P:P,OvoTotal!$I:$I,"<="&EOMONTH(OvoTotal!$I$3+360,0),OvoTotal!$AW:$AW,Dados!$AI1) -> 0 | AJ8: =SUMIFS(OvoTotal!P:P,OvoTotal!$I:$I,"<="&EOMONTH(OvoTotal!$I$3+360,0),OvoTotal!$AW:$AW,Dados!$AJ1) -> 0 | AK8: =SUMIFS(OvoTotal!P:P,OvoTotal!$I:$I,"<="&EOMONTH(OvoTotal!$I$3+360,0),OvoTotal!$AW:$AW,Dados!$AK1) -> 0 | AL8: =SUMIFS(OvoTotal!P:P,OvoTotal!$I:$I,"<="&EOMONTH(OvoTotal!$I$3+360,0),OvoTotal!$AW:$AW,Dados!$AL1) -> 0 | AM8: =SUMIFS(OvoTotal!P:P,OvoTotal!$I:$I,"<="&EOMONTH(OvoTotal!$I$3+360,0),OvoTotal!$AW:$AW,Dados!$AM1) -> 0 | AN8: =SUMIFS(OvoTotal!P:P,OvoTotal!$I:$I,"<="&EOMONTH(OvoTotal!$I$3+360,0),OvoTotal!$AW:$AW,Dados!$AN1) -> 0 | AO8: =SUMIFS(OvoTotal!P:P,OvoTotal!$I:$I,"<="&EOMONTH(OvoTotal!$I$3+360,0),OvoTotal!$AW:$AW,Dados!$AO1) -> 0 | AP8: =SUMIFS(OvoTotal!P:P,OvoTotal!$I:$I,"<="&EOMONTH(OvoTotal!$I$3+360,0),OvoTotal!$AW:$AW,Dados!$AP1) -> 0 | AQ8: =SUMIFS(OvoTotal!P:P,OvoTotal!$I:$I,"<="&EOMONTH(OvoTotal!$I$3+360,0),OvoTotal!$AW:$AW,Dados!$AQ1) -> 0 | AR8: =SUMIFS(OvoTotal!P:P,OvoTotal!$I:$I,"<="&EOMONTH(OvoTotal!$I$3+360,0),OvoTotal!$AW:$AW,Dados!$AR1) -> 0 | AS8: =SUMIFS(OvoTotal!P:P,OvoTotal!$I:$I,"<="&EOMONTH(OvoTotal!$I$3+360,0),OvoTotal!$AW:$AW,Dados!$AS1) -> 0 | AT8: =SUMIFS(OvoTotal!P:P,OvoTotal!$I:$I,"<="&EOMONTH(OvoTotal!$I$3+360,0),OvoTotal!$AW:$AW,Dados!$AT1) -> 0 | AU8: =SUMIFS(OvoTotal!P:P,OvoTotal!$I:$I,"<="&EOMONTH(OvoTotal!$I$3+360,0),OvoTotal!$AW:$AW,Dados!$AU1) -> 0 | AV8: =SUMIFS(OvoTotal!P:P,OvoTotal!$I:$I,"<="&EOMONTH(OvoTotal!$I$3+360,0),OvoTotal!$AW:$AW,Dados!$AV1) -> 0 | AW8: =SUMIFS(OvoTotal!P:P,OvoTotal!$I:$I,"<="&EOMONTH(OvoTotal!$I$3+360,0),OvoTotal!$AW:$AW,Dados!$AW1) -> 0 | AX8: =SUMIFS(OvoTotal!P:P,OvoTotal!$I:$I,"<="&EOMONTH(OvoTotal!$I$3+360,0),OvoTotal!$AW:$AW,Dados!$AX1) -> 0 | AY8: =SUMIFS(OvoTotal!P:P,OvoTotal!$I:$I,"<="&EOMONTH(OvoTotal!$I$3+360,0),OvoTotal!$AW:$AW,Dados!$AY1) -> 0 | AZ8: =SUMIFS(OvoTotal!P:P,OvoTotal!$I:$I,"<="&EOMONTH(OvoTotal!$I$3+360,0),OvoTotal!$AW:$AW,Dados!$AZ1) -> 0 | BA8: =SUMIFS(OvoTotal!P:P,OvoTotal!$I:$I,"<="&EOMONTH(OvoTotal!$I$3+360,0),OvoTotal!$AW:$AW,Dados!$BA1) -> 6194.4914 | BB8: =SUMIFS(OvoTotal!P:P,OvoTotal!$I:$I,"<="&EOMONTH(OvoTotal!$I$3+360,0),OvoTotal!$AW:$AW,Dados!$BB1) -> 35509.888 | BC8: =SUMIFS(OvoTotal!P:P,OvoTotal!$I:$I,"<="&EOMONTH(OvoTotal!$I$3+360,0),OvoTotal!$AW:$AW,Dados!$BC1) -> 68251.924 | BD8: =SUMIFS(OvoTotal!P:P,OvoTotal!$I:$I,"<="&EOMONTH(OvoTotal!$I$3+360,0),OvoTotal!$AW:$AW,Dados!$BD1) -> 0 | BF8: =SUMIFS(OvoTotal!P:P,OvoTotal!$I:$I,">="&BF1,OvoTotal!$I:$I,"<="&EOMONTH($BF1,0)) -> 0 | BG8: =SUMIFS(OvoTotal!P:P,OvoTotal!$I:$I,">="&BG1,OvoTotal!$I:$I,"<="&EOMONTH($BG1,0)) -> 0 | BH8: =SUMIFS(OvoTotal!P:P,OvoTotal!$I:$I,">="&BH1,OvoTotal!$I:$I,"<="&EOMONTH($BH1,0)) -> 0 | BI8: =SUMIFS(OvoTotal!P:P,OvoTotal!$I:$I,">="&BI1,OvoTotal!$I:$I,"<="&EOMONTH($BI1,0)) -> 0 | BJ8: =SUMIFS(OvoTotal!P:P,OvoTotal!$I:$I,">="&BJ1,OvoTotal!$I:$I,"<="&EOMONTH($BJ1,0)) -> 0 | BK8: =SUMIFS(OvoTotal!P:P,OvoTotal!$I:$I,">="&BK1,OvoTotal!$I:$I,"<="&EOMONTH($BK1,0)) -> 0 | BL8: =SUMIFS(OvoTotal!P:P,OvoTotal!$I:$I,">="&BL1,OvoTotal!$I:$I,"<="&EOMONTH($BL1,0)) -> 0 | BM8: =SUMIFS(OvoTotal!P:P,OvoTotal!$I:$I,">="&BM1,OvoTotal!$I:$I,"<="&EOMONTH($BM1,0)) -> 0 | BN8: =SUMIFS(OvoTotal!P:P,OvoTotal!$I:$I,">="&BN1,OvoTotal!$I:$I,"<="&EOMONTH($BN1,0)) -> 0 | BO8: =SUMIFS(OvoTotal!P:P,OvoTotal!$I:$I,">="&BO1,OvoTotal!$I:$I,"<="&EOMONTH($BO1,0)) -> 0 | BP8: =SUMIFS(OvoTotal!P:P,OvoTotal!$I:$I,">="&BP1,OvoTotal!$I:$I,"<="&EOMONTH($BP1,0)) -> 0 | BQ8: =SUMIFS(OvoTotal!P:P,OvoTotal!$I:$I,">="&BQ1,OvoTotal!$I:$I,"<="&EOMONTH($BQ1,0)) -> 0
A9: Ovos Tot Prev | B9: =OvoTotal!Q2 -> SJ F2 B 522 R | C9: =SUMIFS(OvoTotal!Q:Q,OvoTotal!$I:$I,"<="&EOMONTH(OvoTotal!$I$3+360,0),OvoTotal!$AW:$AW,Dados!$C1) -> 0 | D9: =SUMIFS(OvoTotal!Q:Q,OvoTotal!$I:$I,"<="&EOMONTH(OvoTotal!$I$3+360,0),OvoTotal!$AW:$AW,Dados!$D1) -> 0 | E9: =SUMIFS(OvoTotal!Q:Q,OvoTotal!$I:$I,"<="&EOMONTH(OvoTotal!$I$3+360,0),OvoTotal!$AW:$AW,Dados!$E1) -> 0 | F9: =SUMIFS(OvoTotal!Q:Q,OvoTotal!$I:$I,"<="&EOMONTH(OvoTotal!$I$3+360,0),OvoTotal!$AW:$AW,Dados!$F1) -> 0 | G9: =SUMIFS(OvoTotal!Q:Q,OvoTotal!$I:$I,"<="&EOMONTH(OvoTotal!$I$3+360,0),OvoTotal!$AW:$AW,Dados!$G1) -> 0 | H9: =SUMIFS(OvoTotal!Q:Q,OvoTotal!$I:$I,"<="&EOMONTH(OvoTotal!$I$3+360,0),OvoTotal!$AW:$AW,Dados!$H1) -> 0 | I9: =SUMIFS(OvoTotal!Q:Q,OvoTotal!$I:$I,"<="&EOMONTH(OvoTotal!$I$3+360,0),OvoTotal!$AW:$AW,Dados!$I1) -> 0 | J9: =SUMIFS(OvoTotal!Q:Q,OvoTotal!$I:$I,"<="&EOMONTH(OvoTotal!$I$3+360,0),OvoTotal!$AW:$AW,Dados!$J1) -> 0 | K9: =SUMIFS(OvoTotal!Q:Q,OvoTotal!$I:$I,"<="&EOMONTH(OvoTotal!$I$3+360,0),OvoTotal!$AW:$AW,Dados!$K1) -> 0 | L9: =SUMIFS(OvoTotal!Q:Q,OvoTotal!$I:$I,"<="&EOMONTH(OvoTotal!$I$3+360,0),OvoTotal!$AW:$AW,Dados!$L1) -> 0 | M9: =SUMIFS(OvoTotal!Q:Q,OvoTotal!$I:$I,"<="&EOMONTH(OvoTotal!$I$3+360,0),OvoTotal!$AW:$AW,Dados!$M1) -> 0 | N9: =SUMIFS(OvoTotal!Q:Q,OvoTotal!$I:$I,"<="&EOMONTH(OvoTotal!$I$3+360,0),OvoTotal!$AW:$AW,Dados!$N1) -> 0 | O9: =SUMIFS(OvoTotal!Q:Q,OvoTotal!$I:$I,"<="&EOMONTH(OvoTotal!$I$3+360,0),OvoTotal!$AW:$AW,Dados!$O1) -> 0 | P9: =SUMIFS(OvoTotal!Q:Q,OvoTotal!$I:$I,"<="&EOMONTH(OvoTotal!$I$3+360,0),OvoTotal!$AW:$AW,Dados!$P1) -> 0 | Q9: =SUMIFS(OvoTotal!Q:Q,OvoTotal!$I:$I,"<="&EOMONTH(OvoTotal!$I$3+360,0),OvoTotal!$AW:$AW,Dados!$Q1) -> 0 | R9: =SUMIFS(OvoTotal!Q:Q,OvoTotal!$I:$I,"<="&EOMONTH(OvoTotal!$I$3+360,0),OvoTotal!$AW:$AW,Dados!$R1) -> 0 | S9: =SUMIFS(OvoTotal!Q:Q,OvoTotal!$I:$I,"<="&EOMONTH(OvoTotal!$I$3+360,0),OvoTotal!$AW:$AW,Dados!$S1) -> 0 | T9: =SUMIFS(OvoTotal!Q:Q,OvoTotal!$I:$I,"<="&EOMONTH(OvoTotal!$I$3+360,0),OvoTotal!$AW:$AW,Dados!$T1) -> 0 | U9: =SUMIFS(OvoTotal!Q:Q,OvoTotal!$I:$I,"<="&EOMONTH(OvoTotal!$I$3+360,0),OvoTotal!$AW:$AW,Dados!$U1) -> 0 | V9: =SUMIFS(OvoTotal!Q:Q,OvoTotal!$I:$I,"<="&EOMONTH(OvoTotal!$I$3+360,0),OvoTotal!$AW:$AW,Dados!$V1) -> 0 | W9: =SUMIFS(OvoTotal!Q:Q,OvoTotal!$I:$I,"<="&EOMONTH(OvoTotal!$I$3+360,0),OvoTotal!$AW:$AW,Dados!$W1) -> 0 | X9: =SUMIFS(OvoTotal!Q:Q,OvoTotal!$I:$I,"<="&EOMONTH(OvoTotal!$I$3+360,0),OvoTotal!$AW:$AW,Dados!$X1) -> 0 | Y9: =SUMIFS(OvoTotal!Q:Q,OvoTotal!$I:$I,"<="&EOMONTH(OvoTotal!$I$3+360,0),OvoTotal!$AW:$AW,Dados!$Y1) -> 0 | Z9: =SUMIFS(OvoTotal!Q:Q,OvoTotal!$I:$I,"<="&EOMONTH(OvoTotal!$I$3+360,0),OvoTotal!$AW:$AW,Dados!$Z1) -> 0 | AA9: =SUMIFS(OvoTotal!Q:Q,OvoTotal!$I:$I,"<="&EOMONTH(OvoTotal!$I$3+360,0),OvoTotal!$AW:$AW,Dados!$AA1) -> 0 | AB9: =SUMIFS(OvoTotal!Q:Q,OvoTotal!$I:$I,"<="&EOMONTH(OvoTotal!$I$3+360,0),OvoTotal!$AW:$AW,Dados!$AB1) -> 0 | AC9: =SUMIFS(OvoTotal!Q:Q,OvoTotal!$I:$I,"<="&EOMONTH(OvoTotal!$I$3+360,0),OvoTotal!$AW:$AW,Dados!$AC1) -> 0 | AD9: =SUMIFS(OvoTotal!Q:Q,OvoTotal!$I:$I,"<="&EOMONTH(OvoTotal!$I$3+360,0),OvoTotal!$AW:$AW,Dados!$AD1) -> 0 | AE9: =SUMIFS(OvoTotal!Q:Q,OvoTotal!$I:$I,"<="&EOMONTH(OvoTotal!$I$3+360,0),OvoTotal!$AW:$AW,Dados!$AE1) -> 0 | AF9: =SUMIFS(OvoTotal!Q:Q,OvoTotal!$I:$I,"<="&EOMONTH(OvoTotal!$I$3+360,0),OvoTotal!$AW:$AW,Dados!$AF1) -> 0 | AG9: =SUMIFS(OvoTotal!Q:Q,OvoTotal!$I:$I,"<="&EOMONTH(OvoTotal!$I$3+360,0),OvoTotal!$AW:$AW,Dados!$AG1) -> 0 | AH9: =SUMIFS(OvoTotal!Q:Q,OvoTotal!$I:$I,"<="&EOMONTH(OvoTotal!$I$3+360,0),OvoTotal!$AW:$AW,Dados!$AH1) -> 0 | AI9: =SUMIFS(OvoTotal!Q:Q,OvoTotal!$I:$I,"<="&EOMONTH(OvoTotal!$I$3+360,0),OvoTotal!$AW:$AW,Dados!$AI1) -> 0 | AJ9: =SUMIFS(OvoTotal!Q:Q,OvoTotal!$I:$I,"<="&EOMONTH(OvoTotal!$I$3+360,0),OvoTotal!$AW:$AW,Dados!$AJ1) -> 0 | AK9: =SUMIFS(OvoTotal!Q:Q,OvoTotal!$I:$I,"<="&EOMONTH(OvoTotal!$I$3+360,0),OvoTotal!$AW:$AW,Dados!$AK1) -> 0 | AL9: =SUMIFS(OvoTotal!Q:Q,OvoTotal!$I:$I,"<="&EOMONTH(OvoTotal!$I$3+360,0),OvoTotal!$AW:$AW,Dados!$AL1) -> 0 | AM9: =SUMIFS(OvoTotal!Q:Q,OvoTotal!$I:$I,"<="&EOMONTH(OvoTotal!$I$3+360,0),OvoTotal!$AW:$AW,Dados!$AM1) -> 0 | AN9: =SUMIFS(OvoTotal!Q:Q,OvoTotal!$I:$I,"<="&EOMONTH(OvoTotal!$I$3+360,0),OvoTotal!$AW:$AW,Dados!$AN1) -> 0 | AO9: =SUMIFS(OvoTotal!Q:Q,OvoTotal!$I:$I,"<="&EOMONTH(OvoTotal!$I$3+360,0),OvoTotal!$AW:$AW,Dados!$AO1) -> 0 | AP9: =SUMIFS(OvoTotal!Q:Q,OvoTotal!$I:$I,"<="&EOMONTH(OvoTotal!$I$3+360,0),OvoTotal!$AW:$AW,Dados!$AP1) -> 0 | AQ9: =SUMIFS(OvoTotal!Q:Q,OvoTotal!$I:$I,"<="&EOMONTH(OvoTotal!$I$3+360,0),OvoTotal!$AW:$AW,Dados!$AQ1) -> 0 | AR9: =SUMIFS(OvoTotal!Q:Q,OvoTotal!$I:$I,"<="&EOMONTH(OvoTotal!$I$3+360,0),OvoTotal!$AW:$AW,Dados!$AR1) -> 0 | AS9: =SUMIFS(OvoTotal!Q:Q,OvoTotal!$I:$I,"<="&EOMONTH(OvoTotal!$I$3+360,0),OvoTotal!$AW:$AW,Dados!$AS1) -> 0 | AT9: =SUMIFS(OvoTotal!Q:Q,OvoTotal!$I:$I,"<="&EOMONTH(OvoTotal!$I$3+360,0),OvoTotal!$AW:$AW,Dados!$AT1) -> 0 | AU9: =SUMIFS(OvoTotal!Q:Q,OvoTotal!$I:$I,"<="&EOMONTH(OvoTotal!$I$3+360,0),OvoTotal!$AW:$AW,Dados!$AU1) -> 0 | AV9: =SUMIFS(OvoTotal!Q:Q,OvoTotal!$I:$I,"<="&EOMONTH(OvoTotal!$I$3+360,0),OvoTotal!$AW:$AW,Dados!$AV1) -> 0 | AW9: =SUMIFS(OvoTotal!Q:Q,OvoTotal!$I:$I,"<="&EOMONTH(OvoTotal!$I$3+360,0),OvoTotal!$AW:$AW,Dados!$AW1) -> 0 | AX9: =SUMIFS(OvoTotal!Q:Q,OvoTotal!$I:$I,"<="&EOMONTH(OvoTotal!$I$3+360,0),OvoTotal!$AW:$AW,Dados!$AX1) -> 0 | AY9: =SUMIFS(OvoTotal!Q:Q,OvoTotal!$I:$I,"<="&EOMONTH(OvoTotal!$I$3+360,0),OvoTotal!$AW:$AW,Dados!$AY1) -> 0 | AZ9: =SUMIFS(OvoTotal!Q:Q,OvoTotal!$I:$I,"<="&EOMONTH(OvoTotal!$I$3+360,0),OvoTotal!$AW:$AW,Dados!$AZ1) -> 0 | BA9: =SUMIFS(OvoTotal!Q:Q,OvoTotal!$I:$I,"<="&EOMONTH(OvoTotal!$I$3+360,0),OvoTotal!$AW:$AW,Dados!$BA1) -> 0 | BB9: =SUMIFS(OvoTotal!Q:Q,OvoTotal!$I:$I,"<="&EOMONTH(OvoTotal!$I$3+360,0),OvoTotal!$AW:$AW,Dados!$BB1) -> 6194.4914 | BC9: =SUMIFS(OvoTotal!Q:Q,OvoTotal!$I:$I,"<="&EOMONTH(OvoTotal!$I$3+360,0),OvoTotal!$AW:$AW,Dados!$BC1) -> 35509.888 | BD9: =SUMIFS(OvoTotal!Q:Q,OvoTotal!$I:$I,"<="&EOMONTH(OvoTotal!$I$3+360,0),OvoTotal!$AW:$AW,Dados!$BD1) -> 0 | BF9: =SUMIFS(OvoTotal!Q:Q,OvoTotal!$I:$I,">="&BF1,OvoTotal!$I:$I,"<="&EOMONTH($BF1,0)) -> 0 | BG9: =SUMIFS(OvoTotal!Q:Q,OvoTotal!$I:$I,">="&BG1,OvoTotal!$I:$I,"<="&EOMONTH($BG1,0)) -> 0 | BH9: =SUMIFS(OvoTotal!Q:Q,OvoTotal!$I:$I,">="&BH1,OvoTotal!$I:$I,"<="&EOMONTH($BH1,0)) -> 0 | BI9: =SUMIFS(OvoTotal!Q:Q,OvoTotal!$I:$I,">="&BI1,OvoTotal!$I:$I,"<="&EOMONTH($BI1,0)) -> 0 | BJ9: =SUMIFS(OvoTotal!Q:Q,OvoTotal!$I:$I,">="&BJ1,OvoTotal!$I:$I,"<="&EOMONTH($BJ1,0)) -> 0 | BK9: =SUMIFS(OvoTotal!Q:Q,OvoTotal!$I:$I,">="&BK1,OvoTotal!$I:$I,"<="&EOMONTH($BK1,0)) -> 0 | BL9: =SUMIFS(OvoTotal!Q:Q,OvoTotal!$I:$I,">="&BL1,OvoTotal!$I:$I,"<="&EOMONTH($BL1,0)) -> 0 | BM9: =SUMIFS(OvoTotal!Q:Q,OvoTotal!$I:$I,">="&BM1,OvoTotal!$I:$I,"<="&EOMONTH($BM1,0)) -> 0 | BN9: =SUMIFS(OvoTotal!Q:Q,OvoTotal!$I:$I,">="&BN1,OvoTotal!$I:$I,"<="&EOMONTH($BN1,0)) -> 0 | BO9: =SUMIFS(OvoTotal!Q:Q,OvoTotal!$I:$I,">="&BO1,OvoTotal!$I:$I,"<="&EOMONTH($BO1,0)) -> 0 | BP9: =SUMIFS(OvoTotal!Q:Q,OvoTotal!$I:$I,">="&BP1,OvoTotal!$I:$I,"<="&EOMONTH($BP1,0)) -> 0 | BQ9: =SUMIFS(OvoTotal!Q:Q,OvoTotal!$I:$I,">="&BQ1,OvoTotal!$I:$I,"<="&EOMONTH($BQ1,0)) -> 0
A10: Ovos Tot Prev | B10: =OvoTotal!R2 -> SJ F3 820 R | C10: =SUMIFS(OvoTotal!R:R,OvoTotal!$I:$I,"<="&EOMONTH(OvoTotal!$I$3+360,0),OvoTotal!$AW:$AW,Dados!$C1) -> 46857.895 | D10: =SUMIFS(OvoTotal!R:R,OvoTotal!$I:$I,"<="&EOMONTH(OvoTotal!$I$3+360,0),OvoTotal!$AW:$AW,Dados!$D1) -> 322313.65 | E10: =SUMIFS(OvoTotal!R:R,OvoTotal!$I:$I,"<="&EOMONTH(OvoTotal!$I$3+360,0),OvoTotal!$AW:$AW,Dados!$E1) -> 315467.76 | F10: =SUMIFS(OvoTotal!R:R,OvoTotal!$I:$I,"<="&EOMONTH(OvoTotal!$I$3+360,0),OvoTotal!$AW:$AW,Dados!$F1) -> 303373.98 | G10: =SUMIFS(OvoTotal!R:R,OvoTotal!$I:$I,"<="&EOMONTH(OvoTotal!$I$3+360,0),OvoTotal!$AW:$AW,Dados!$G1) -> 43035.886 | H10: =SUMIFS(OvoTotal!R:R,OvoTotal!$I:$I,"<="&EOMONTH(OvoTotal!$I$3+360,0),OvoTotal!$AW:$AW,Dados!$H1) -> 0 | I10: =SUMIFS(OvoTotal!R:R,OvoTotal!$I:$I,"<="&EOMONTH(OvoTotal!$I$3+360,0),OvoTotal!$AW:$AW,Dados!$I1) -> 0 | J10: =SUMIFS(OvoTotal!R:R,OvoTotal!$I:$I,"<="&EOMONTH(OvoTotal!$I$3+360,0),OvoTotal!$AW:$AW,Dados!$J1) -> 0 | K10: =SUMIFS(OvoTotal!R:R,OvoTotal!$I:$I,"<="&EOMONTH(OvoTotal!$I$3+360,0),OvoTotal!$AW:$AW,Dados!$K1) -> 0 | L10: =SUMIFS(OvoTotal!R:R,OvoTotal!$I:$I,"<="&EOMONTH(OvoTotal!$I$3+360,0),OvoTotal!$AW:$AW,Dados!$L1) -> 0 | M10: =SUMIFS(OvoTotal!R:R,OvoTotal!$I:$I,"<="&EOMONTH(OvoTotal!$I$3+360,0),OvoTotal!$AW:$AW,Dados!$M1) -> 0 | N10: =SUMIFS(OvoTotal!R:R,OvoTotal!$I:$I,"<="&EOMONTH(OvoTotal!$I$3+360,0),OvoTotal!$AW:$AW,Dados!$N1) -> 0 | O10: =SUMIFS(OvoTotal!R:R,OvoTotal!$I:$I,"<="&EOMONTH(OvoTotal!$I$3+360,0),OvoTotal!$AW:$AW,Dados!$O1) -> 0 | P10: =SUMIFS(OvoTotal!R:R,OvoTotal!$I:$I,"<="&EOMONTH(OvoTotal!$I$3+360,0),OvoTotal!$AW:$AW,Dados!$P1) -> 0 | Q10: =SUMIFS(OvoTotal!R:R,OvoTotal!$I:$I,"<="&EOMONTH(OvoTotal!$I$3+360,0),OvoTotal!$AW:$AW,Dados!$Q1) -> 0 | R10: =SUMIFS(OvoTotal!R:R,OvoTotal!$I:$I,"<="&EOMONTH(OvoTotal!$I$3+360,0),OvoTotal!$AW:$AW,Dados!$R1) -> 0 | S10: =SUMIFS(OvoTotal!R:R,OvoTotal!$I:$I,"<="&EOMONTH(OvoTotal!$I$3+360,0),OvoTotal!$AW:$AW,Dados!$S1) -> 0 | T10: =SUMIFS(OvoTotal!R:R,OvoTotal!$I:$I,"<="&EOMONTH(OvoTotal!$I$3+360,0),OvoTotal!$AW:$AW,Dados!$T1) -> 0 | U10: =SUMIFS(OvoTotal!R:R,OvoTotal!$I:$I,"<="&EOMONTH(OvoTotal!$I$3+360,0),OvoTotal!$AW:$AW,Dados!$U1) -> 0 | V10: =SUMIFS(OvoTotal!R:R,OvoTotal!$I:$I,"<="&EOMONTH(OvoTotal!$I$3+360,0),OvoTotal!$AW:$AW,Dados!$V1) -> 0 | W10: =SUMIFS(OvoTotal!R:R,OvoTotal!$I:$I,"<="&EOMONTH(OvoTotal!$I$3+360,0),OvoTotal!$AW:$AW,Dados!$W1) -> 0 | X10: =SUMIFS(OvoTotal!R:R,OvoTotal!$I:$I,"<="&EOMONTH(OvoTotal!$I$3+360,0),OvoTotal!$AW:$AW,Dados!$X1) -> 0 | Y10: =SUMIFS(OvoTotal!R:R,OvoTotal!$I:$I,"<="&EOMONTH(OvoTotal!$I$3+360,0),OvoTotal!$AW:$AW,Dados!$Y1) -> 0 | Z10: =SUMIFS(OvoTotal!R:R,OvoTotal!$I:$I,"<="&EOMONTH(OvoTotal!$I$3+360,0),OvoTotal!$AW:$AW,Dados!$Z1) -> 0 | AA10: =SUMIFS(OvoTotal!R:R,OvoTotal!$I:$I,"<="&EOMONTH(OvoTotal!$I$3+360,0),OvoTotal!$AW:$AW,Dados!$AA1) -> 0 | AB10: =SUMIFS(OvoTotal!R:R,OvoTotal!$I:$I,"<="&EOMONTH(OvoTotal!$I$3+360,0),OvoTotal!$AW:$AW,Dados!$AB1) -> 0 | AC10: =SUMIFS(OvoTotal!R:R,OvoTotal!$I:$I,"<="&EOMONTH(OvoTotal!$I$3+360,0),OvoTotal!$AW:$AW,Dados!$AC1) -> 0 | AD10: =SUMIFS(OvoTotal!R:R,OvoTotal!$I:$I,"<="&EOMONTH(OvoTotal!$I$3+360,0),OvoTotal!$AW:$AW,Dados!$AD1) -> 0 | AE10: =SUMIFS(OvoTotal!R:R,OvoTotal!$I:$I,"<="&EOMONTH(OvoTotal!$I$3+360,0),OvoTotal!$AW:$AW,Dados!$AE1) -> 0 | AF10: =SUMIFS(OvoTotal!R:R,OvoTotal!$I:$I,"<="&EOMONTH(OvoTotal!$I$3+360,0),OvoTotal!$AW:$AW,Dados!$AF1) -> 0 | AG10: =SUMIFS(OvoTotal!R:R,OvoTotal!$I:$I,"<="&EOMONTH(OvoTotal!$I$3+360,0),OvoTotal!$AW:$AW,Dados!$AG1) -> 0 | AH10: =SUMIFS(OvoTotal!R:R,OvoTotal!$I:$I,"<="&EOMONTH(OvoTotal!$I$3+360,0),OvoTotal!$AW:$AW,Dados!$AH1) -> 0 | AI10: =SUMIFS(OvoTotal!R:R,OvoTotal!$I:$I,"<="&EOMONTH(OvoTotal!$I$3+360,0),OvoTotal!$AW:$AW,Dados!$AI1) -> 0 | AJ10: =SUMIFS(OvoTotal!R:R,OvoTotal!$I:$I,"<="&EOMONTH(OvoTotal!$I$3+360,0),OvoTotal!$AW:$AW,Dados!$AJ1) -> 0 | AK10: =SUMIFS(OvoTotal!R:R,OvoTotal!$I:$I,"<="&EOMONTH(OvoTotal!$I$3+360,0),OvoTotal!$AW:$AW,Dados!$AK1) -> 0 | AL10: =SUMIFS(OvoTotal!R:R,OvoTotal!$I:$I,"<="&EOMONTH(OvoTotal!$I$3+360,0),OvoTotal!$AW:$AW,Dados!$AL1) -> 0 | AM10: =SUMIFS(OvoTotal!R:R,OvoTotal!$I:$I,"<="&EOMONTH(OvoTotal!$I$3+360,0),OvoTotal!$AW:$AW,Dados!$AM1) -> 0 | AN10: =SUMIFS(OvoTotal!R:R,OvoTotal!$I:$I,"<="&EOMONTH(OvoTotal!$I$3+360,0),OvoTotal!$AW:$AW,Dados!$AN1) -> 0 | AO10: =SUMIFS(OvoTotal!R:R,OvoTotal!$I:$I,"<="&EOMONTH(OvoTotal!$I$3+360,0),OvoTotal!$AW:$AW,Dados!$AO1) -> 0 | AP10: =SUMIFS(OvoTotal!R:R,OvoTotal!$I:$I,"<="&EOMONTH(OvoTotal!$I$3+360,0),OvoTotal!$AW:$AW,Dados!$AP1) -> 0 | AQ10: =SUMIFS(OvoTotal!R:R,OvoTotal!$I:$I,"<="&EOMONTH(OvoTotal!$I$3+360,0),OvoTotal!$AW:$AW,Dados!$AQ1) -> 0 | AR10: =SUMIFS(OvoTotal!R:R,OvoTotal!$I:$I,"<="&EOMONTH(OvoTotal!$I$3+360,0),OvoTotal!$AW:$AW,Dados!$AR1) -> 0 | AS10: =SUMIFS(OvoTotal!R:R,OvoTotal!$I:$I,"<="&EOMONTH(OvoTotal!$I$3+360,0),OvoTotal!$AW:$AW,Dados!$AS1) -> 0 | AT10: =SUMIFS(OvoTotal!R:R,OvoTotal!$I:$I,"<="&EOMONTH(OvoTotal!$I$3+360,0),OvoTotal!$AW:$AW,Dados!$AT1) -> 0 | AU10: =SUMIFS(OvoTotal!R:R,OvoTotal!$I:$I,"<="&EOMONTH(OvoTotal!$I$3+360,0),OvoTotal!$AW:$AW,Dados!$AU1) -> 0 | AV10: =SUMIFS(OvoTotal!R:R,OvoTotal!$I:$I,"<="&EOMONTH(OvoTotal!$I$3+360,0),OvoTotal!$AW:$AW,Dados!$AV1) -> 0 | AW10: =SUMIFS(OvoTotal!R:R,OvoTotal!$I:$I,"<="&EOMONTH(OvoTotal!$I$3+360,0),OvoTotal!$AW:$AW,Dados!$AW1) -> 0 | AX10: =SUMIFS(OvoTotal!R:R,OvoTotal!$I:$I,"<="&EOMONTH(OvoTotal!$I$3+360,0),OvoTotal!$AW:$AW,Dados!$AX1) -> 0 | AY10: =SUMIFS(OvoTotal!R:R,OvoTotal!$I:$I,"<="&EOMONTH(OvoTotal!$I$3+360,0),OvoTotal!$AW:$AW,Dados!$AY1) -> 0 | AZ10: =SUMIFS(OvoTotal!R:R,OvoTotal!$I:$I,"<="&EOMONTH(OvoTotal!$I$3+360,0),OvoTotal!$AW:$AW,Dados!$AZ1) -> 0 | BA10: =SUMIFS(OvoTotal!R:R,OvoTotal!$I:$I,"<="&EOMONTH(OvoTotal!$I$3+360,0),OvoTotal!$AW:$AW,Dados!$BA1) -> 0 | BB10: =SUMIFS(OvoTotal!R:R,OvoTotal!$I:$I,"<="&EOMONTH(OvoTotal!$I$3+360,0),OvoTotal!$AW:$AW,Dados!$BB1) -> 0 | BC10: =SUMIFS(OvoTotal!R:R,OvoTotal!$I:$I,"<="&EOMONTH(OvoTotal!$I$3+360,0),OvoTotal!$AW:$AW,Dados!$BC1) -> 0 | BD10: =SUMIFS(OvoTotal!R:R,OvoTotal!$I:$I,"<="&EOMONTH(OvoTotal!$I$3+360,0),OvoTotal!$AW:$AW,Dados!$BD1) -> 0 | BF10: =SUMIFS(OvoTotal!R:R,OvoTotal!$I:$I,">="&BF1,OvoTotal!$I:$I,"<="&EOMONTH($BF1,0)) -> 0 | BG10: =SUMIFS(OvoTotal!R:R,OvoTotal!$I:$I,">="&BG1,OvoTotal!$I:$I,"<="&EOMONTH($BG1,0)) -> 0 | BH10: =SUMIFS(OvoTotal!R:R,OvoTotal!$I:$I,">="&BH1,OvoTotal!$I:$I,"<="&EOMONTH($BH1,0)) -> 0 | BI10: =SUMIFS(OvoTotal!R:R,OvoTotal!$I:$I,">="&BI1,OvoTotal!$I:$I,"<="&EOMONTH($BI1,0)) -> 0 | BJ10: =SUMIFS(OvoTotal!R:R,OvoTotal!$I:$I,">="&BJ1,OvoTotal!$I:$I,"<="&EOMONTH($BJ1,0)) -> 0 | BK10: =SUMIFS(OvoTotal!R:R,OvoTotal!$I:$I,">="&BK1,OvoTotal!$I:$I,"<="&EOMONTH($BK1,0)) -> 0 | BL10: =SUMIFS(OvoTotal!R:R,OvoTotal!$I:$I,">="&BL1,OvoTotal!$I:$I,"<="&EOMONTH($BL1,0)) -> 0 | BM10: =SUMIFS(OvoTotal!R:R,OvoTotal!$I:$I,">="&BM1,OvoTotal!$I:$I,"<="&EOMONTH($BM1,0)) -> 0 | BN10: =SUMIFS(OvoTotal!R:R,OvoTotal!$I:$I,">="&BN1,OvoTotal!$I:$I,"<="&EOMONTH($BN1,0)) -> 0 | BO10: =SUMIFS(OvoTotal!R:R,OvoTotal!$I:$I,">="&BO1,OvoTotal!$I:$I,"<="&EOMONTH($BO1,0)) -> 0 | BP10: =SUMIFS(OvoTotal!R:R,OvoTotal!$I:$I,">="&BP1,OvoTotal!$I:$I,"<="&EOMONTH($BP1,0)) -> 0 | BQ10: =SUMIFS(OvoTotal!R:R,OvoTotal!$I:$I,">="&BQ1,OvoTotal!$I:$I,"<="&EOMONTH($BQ1,0)) -> 0
A11: Ovos Tot Prev | B11: =OvoTotal!S2 -> AAA 1 001 | C11: =SUMIFS(OvoTotal!S:S,OvoTotal!$I:$I,"<="&EOMONTH(OvoTotal!$I$3+360,0),OvoTotal!$AW:$AW,Dados!$C1) -> 0 | D11: =SUMIFS(OvoTotal!S:S,OvoTotal!$I:$I,"<="&EOMONTH(OvoTotal!$I$3+360,0),OvoTotal!$AW:$AW,Dados!$D1) -> 0 | E11: =SUMIFS(OvoTotal!S:S,OvoTotal!$I:$I,"<="&EOMONTH(OvoTotal!$I$3+360,0),OvoTotal!$AW:$AW,Dados!$E1) -> 0 | F11: =SUMIFS(OvoTotal!S:S,OvoTotal!$I:$I,"<="&EOMONTH(OvoTotal!$I$3+360,0),OvoTotal!$AW:$AW,Dados!$F1) -> 0 | G11: =SUMIFS(OvoTotal!S:S,OvoTotal!$I:$I,"<="&EOMONTH(OvoTotal!$I$3+360,0),OvoTotal!$AW:$AW,Dados!$G1) -> 0 | H11: =SUMIFS(OvoTotal!S:S,OvoTotal!$I:$I,"<="&EOMONTH(OvoTotal!$I$3+360,0),OvoTotal!$AW:$AW,Dados!$H1) -> 0 | I11: =SUMIFS(OvoTotal!S:S,OvoTotal!$I:$I,"<="&EOMONTH(OvoTotal!$I$3+360,0),OvoTotal!$AW:$AW,Dados!$I1) -> 0 | J11: =SUMIFS(OvoTotal!S:S,OvoTotal!$I:$I,"<="&EOMONTH(OvoTotal!$I$3+360,0),OvoTotal!$AW:$AW,Dados!$J1) -> 0 | K11: =SUMIFS(OvoTotal!S:S,OvoTotal!$I:$I,"<="&EOMONTH(OvoTotal!$I$3+360,0),OvoTotal!$AW:$AW,Dados!$K1) -> 0 | L11: =SUMIFS(OvoTotal!S:S,OvoTotal!$I:$I,"<="&EOMONTH(OvoTotal!$I$3+360,0),OvoTotal!$AW:$AW,Dados!$L1) -> 0 | M11: =SUMIFS(OvoTotal!S:S,OvoTotal!$I:$I,"<="&EOMONTH(OvoTotal!$I$3+360,0),OvoTotal!$AW:$AW,Dados!$M1) -> 0 | N11: =SUMIFS(OvoTotal!S:S,OvoTotal!$I:$I,"<="&EOMONTH(OvoTotal!$I$3+360,0),OvoTotal!$AW:$AW,Dados!$N1) -> 0 | O11: =SUMIFS(OvoTotal!S:S,OvoTotal!$I:$I,"<="&EOMONTH(OvoTotal!$I$3+360,0),OvoTotal!$AW:$AW,Dados!$O1) -> 0 | P11: =SUMIFS(OvoTotal!S:S,OvoTotal!$I:$I,"<="&EOMONTH(OvoTotal!$I$3+360,0),OvoTotal!$AW:$AW,Dados!$P1) -> 0 | Q11: =SUMIFS(OvoTotal!S:S,OvoTotal!$I:$I,"<="&EOMONTH(OvoTotal!$I$3+360,0),OvoTotal!$AW:$AW,Dados!$Q1) -> 0 | R11: =SUMIFS(OvoTotal!S:S,OvoTotal!$I:$I,"<="&EOMONTH(OvoTotal!$I$3+360,0),OvoTotal!$AW:$AW,Dados!$R1) -> 0 | S11: =SUMIFS(OvoTotal!S:S,OvoTotal!$I:$I,"<="&EOMONTH(OvoTotal!$I$3+360,0),OvoTotal!$AW:$AW,Dados!$S1) -> 0 | T11: =SUMIFS(OvoTotal!S:S,OvoTotal!$I:$I,"<="&EOMONTH(OvoTotal!$I$3+360,0),OvoTotal!$AW:$AW,Dados!$T1) -> 0 | U11: =SUMIFS(OvoTotal!S:S,OvoTotal!$I:$I,"<="&EOMONTH(OvoTotal!$I$3+360,0),OvoTotal!$AW:$AW,Dados!$U1) -> 0 | V11: =SUMIFS(OvoTotal!S:S,OvoTotal!$I:$I,"<="&EOMONTH(OvoTotal!$I$3+360,0),OvoTotal!$AW:$AW,Dados!$V1) -> 0 | W11: =SUMIFS(OvoTotal!S:S,OvoTotal!$I:$I,"<="&EOMONTH(OvoTotal!$I$3+360,0),OvoTotal!$AW:$AW,Dados!$W1) -> 0 | X11: =SUMIFS(OvoTotal!S:S,OvoTotal!$I:$I,"<="&EOMONTH(OvoTotal!$I$3+360,0),OvoTotal!$AW:$AW,Dados!$X1) -> 0 | Y11: =SUMIFS(OvoTotal!S:S,OvoTotal!$I:$I,"<="&EOMONTH(OvoTotal!$I$3+360,0),OvoTotal!$AW:$AW,Dados!$Y1) -> 0 | Z11: =SUMIFS(OvoTotal!S:S,OvoTotal!$I:$I,"<="&EOMONTH(OvoTotal!$I$3+360,0),OvoTotal!$AW:$AW,Dados!$Z1) -> 0 | AA11: =SUMIFS(OvoTotal!S:S,OvoTotal!$I:$I,"<="&EOMONTH(OvoTotal!$I$3+360,0),OvoTotal!$AW:$AW,Dados!$AA1) -> 0 | AB11: =SUMIFS(OvoTotal!S:S,OvoTotal!$I:$I,"<="&EOMONTH(OvoTotal!$I$3+360,0),OvoTotal!$AW:$AW,Dados!$AB1) -> 0 | AC11: =SUMIFS(OvoTotal!S:S,OvoTotal!$I:$I,"<="&EOMONTH(OvoTotal!$I$3+360,0),OvoTotal!$AW:$AW,Dados!$AC1) -> 0 | AD11: =SUMIFS(OvoTotal!S:S,OvoTotal!$I:$I,"<="&EOMONTH(OvoTotal!$I$3+360,0),OvoTotal!$AW:$AW,Dados!$AD1) -> 0 | AE11: =SUMIFS(OvoTotal!S:S,OvoTotal!$I:$I,"<="&EOMONTH(OvoTotal!$I$3+360,0),OvoTotal!$AW:$AW,Dados!$AE1) -> 0 | AF11: =SUMIFS(OvoTotal!S:S,OvoTotal!$I:$I,"<="&EOMONTH(OvoTotal!$I$3+360,0),OvoTotal!$AW:$AW,Dados!$AF1) -> 0 | AG11: =SUMIFS(OvoTotal!S:S,OvoTotal!$I:$I,"<="&EOMONTH(OvoTotal!$I$3+360,0),OvoTotal!$AW:$AW,Dados!$AG1) -> 0 | AH11: =SUMIFS(OvoTotal!S:S,OvoTotal!$I:$I,"<="&EOMONTH(OvoTotal!$I$3+360,0),OvoTotal!$AW:$AW,Dados!$AH1) -> 0 | AI11: =SUMIFS(OvoTotal!S:S,OvoTotal!$I:$I,"<="&EOMONTH(OvoTotal!$I$3+360,0),OvoTotal!$AW:$AW,Dados!$AI1) -> 0 | AJ11: =SUMIFS(OvoTotal!S:S,OvoTotal!$I:$I,"<="&EOMONTH(OvoTotal!$I$3+360,0),OvoTotal!$AW:$AW,Dados!$AJ1) -> 0 | AK11: =SUMIFS(OvoTotal!S:S,OvoTotal!$I:$I,"<="&EOMONTH(OvoTotal!$I$3+360,0),OvoTotal!$AW:$AW,Dados!$AK1) -> 0 | AL11: =SUMIFS(OvoTotal!S:S,OvoTotal!$I:$I,"<="&EOMONTH(OvoTotal!$I$3+360,0),OvoTotal!$AW:$AW,Dados!$AL1) -> 0 | AM11: =SUMIFS(OvoTotal!S:S,OvoTotal!$I:$I,"<="&EOMONTH(OvoTotal!$I$3+360,0),OvoTotal!$AW:$AW,Dados!$AM1) -> 0 | AN11: =SUMIFS(OvoTotal!S:S,OvoTotal!$I:$I,"<="&EOMONTH(OvoTotal!$I$3+360,0),OvoTotal!$AW:$AW,Dados!$AN1) -> 0 | AO11: =SUMIFS(OvoTotal!S:S,OvoTotal!$I:$I,"<="&EOMONTH(OvoTotal!$I$3+360,0),OvoTotal!$AW:$AW,Dados!$AO1) -> 0 | AP11: =SUMIFS(OvoTotal!S:S,OvoTotal!$I:$I,"<="&EOMONTH(OvoTotal!$I$3+360,0),OvoTotal!$AW:$AW,Dados!$AP1) -> 0 | AQ11: =SUMIFS(OvoTotal!S:S,OvoTotal!$I:$I,"<="&EOMONTH(OvoTotal!$I$3+360,0),OvoTotal!$AW:$AW,Dados!$AQ1) -> 0 | AR11: =SUMIFS(OvoTotal!S:S,OvoTotal!$I:$I,"<="&EOMONTH(OvoTotal!$I$3+360,0),OvoTotal!$AW:$AW,Dados!$AR1) -> 0 | AS11: =SUMIFS(OvoTotal!S:S,OvoTotal!$I:$I,"<="&EOMONTH(OvoTotal!$I$3+360,0),OvoTotal!$AW:$AW,Dados!$AS1) -> 0 | AT11: =SUMIFS(OvoTotal!S:S,OvoTotal!$I:$I,"<="&EOMONTH(OvoTotal!$I$3+360,0),OvoTotal!$AW:$AW,Dados!$AT1) -> 0 | AU11: =SUMIFS(OvoTotal!S:S,OvoTotal!$I:$I,"<="&EOMONTH(OvoTotal!$I$3+360,0),OvoTotal!$AW:$AW,Dados!$AU1) -> 0 | AV11: =SUMIFS(OvoTotal!S:S,OvoTotal!$I:$I,"<="&EOMONTH(OvoTotal!$I$3+360,0),OvoTotal!$AW:$AW,Dados!$AV1) -> 0 | AW11: =SUMIFS(OvoTotal!S:S,OvoTotal!$I:$I,"<="&EOMONTH(OvoTotal!$I$3+360,0),OvoTotal!$AW:$AW,Dados!$AW1) -> 0 | AX11: =SUMIFS(OvoTotal!S:S,OvoTotal!$I:$I,"<="&EOMONTH(OvoTotal!$I$3+360,0),OvoTotal!$AW:$AW,Dados!$AX1) -> 0 | AY11: =SUMIFS(OvoTotal!S:S,OvoTotal!$I:$I,"<="&EOMONTH(OvoTotal!$I$3+360,0),OvoTotal!$AW:$AW,Dados!$AY1) -> 0 | AZ11: =SUMIFS(OvoTotal!S:S,OvoTotal!$I:$I,"<="&EOMONTH(OvoTotal!$I$3+360,0),OvoTotal!$AW:$AW,Dados!$AZ1) -> 0 | BA11: =SUMIFS(OvoTotal!S:S,OvoTotal!$I:$I,"<="&EOMONTH(OvoTotal!$I$3+360,0),OvoTotal!$AW:$AW,Dados!$BA1) -> 0 | BB11: =SUMIFS(OvoTotal!S:S,OvoTotal!$I:$I,"<="&EOMONTH(OvoTotal!$I$3+360,0),OvoTotal!$AW:$AW,Dados!$BB1) -> 0 | BC11: =SUMIFS(OvoTotal!S:S,OvoTotal!$I:$I,"<="&EOMONTH(OvoTotal!$I$3+360,0),OvoTotal!$AW:$AW,Dados!$BC1) -> 0 | BD11: =SUMIFS(OvoTotal!S:S,OvoTotal!$I:$I,"<="&EOMONTH(OvoTotal!$I$3+360,0),OvoTotal!$AW:$AW,Dados!$BD1) -> 0 | BF11: =SUMIFS(OvoTotal!S:S,OvoTotal!$I:$I,">="&BF1,OvoTotal!$I:$I,"<="&EOMONTH($BF1,0)) -> 0 | BG11: =SUMIFS(OvoTotal!S:S,OvoTotal!$I:$I,">="&BG1,OvoTotal!$I:$I,"<="&EOMONTH($BG1,0)) -> 0 | BH11: =SUMIFS(OvoTotal!S:S,OvoTotal!$I:$I,">="&BH1,OvoTotal!$I:$I,"<="&EOMONTH($BH1,0)) -> 0 | BI11: =SUMIFS(OvoTotal!S:S,OvoTotal!$I:$I,">="&BI1,OvoTotal!$I:$I,"<="&EOMONTH($BI1,0)) -> 0 | BJ11: =SUMIFS(OvoTotal!S:S,OvoTotal!$I:$I,">="&BJ1,OvoTotal!$I:$I,"<="&EOMONTH($BJ1,0)) -> 0 | BK11: =SUMIFS(OvoTotal!S:S,OvoTotal!$I:$I,">="&BK1,OvoTotal!$I:$I,"<="&EOMONTH($BK1,0)) -> 0 | BL11: =SUMIFS(OvoTotal!S:S,OvoTotal!$I:$I,">="&BL1,OvoTotal!$I:$I,"<="&EOMONTH($BL1,0)) -> 0 | BM11: =SUMIFS(OvoTotal!S:S,OvoTotal!$I:$I,">="&BM1,OvoTotal!$I:$I,"<="&EOMONTH($BM1,0)) -> 0 | BN11: =SUMIFS(OvoTotal!S:S,OvoTotal!$I:$I,">="&BN1,OvoTotal!$I:$I,"<="&EOMONTH($BN1,0)) -> 0 | BO11: =SUMIFS(OvoTotal!S:S,OvoTotal!$I:$I,">="&BO1,OvoTotal!$I:$I,"<="&EOMONTH($BO1,0)) -> 0 | BP11: =SUMIFS(OvoTotal!S:S,OvoTotal!$I:$I,">="&BP1,OvoTotal!$I:$I,"<="&EOMONTH($BP1,0)) -> 0 | BQ11: =SUMIFS(OvoTotal!S:S,OvoTotal!$I:$I,">="&BQ1,OvoTotal!$I:$I,"<="&EOMONTH($BQ1,0)) -> 0
A12: Ovos Tot Prev | B12: =OvoTotal!T2 -> SJ F3 821 R | C12: =SUMIFS(OvoTotal!T:T,OvoTotal!$I:$I,"<="&EOMONTH(OvoTotal!$I$3+360,0),OvoTotal!$AW:$AW,Dados!$C1) -> 0 | D12: =SUMIFS(OvoTotal!T:T,OvoTotal!$I:$I,"<="&EOMONTH(OvoTotal!$I$3+360,0),OvoTotal!$AW:$AW,Dados!$D1) -> 0 | E12: =SUMIFS(OvoTotal!T:T,OvoTotal!$I:$I,"<="&EOMONTH(OvoTotal!$I$3+360,0),OvoTotal!$AW:$AW,Dados!$E1) -> 0 | F12: =SUMIFS(OvoTotal!T:T,OvoTotal!$I:$I,"<="&EOMONTH(OvoTotal!$I$3+360,0),OvoTotal!$AW:$AW,Dados!$F1) -> 0 | G12: =SUMIFS(OvoTotal!T:T,OvoTotal!$I:$I,"<="&EOMONTH(OvoTotal!$I$3+360,0),OvoTotal!$AW:$AW,Dados!$G1) -> 0 | H12: =SUMIFS(OvoTotal!T:T,OvoTotal!$I:$I,"<="&EOMONTH(OvoTotal!$I$3+360,0),OvoTotal!$AW:$AW,Dados!$H1) -> 0 | I12: =SUMIFS(OvoTotal!T:T,OvoTotal!$I:$I,"<="&EOMONTH(OvoTotal!$I$3+360,0),OvoTotal!$AW:$AW,Dados!$I1) -> 0 | J12: =SUMIFS(OvoTotal!T:T,OvoTotal!$I:$I,"<="&EOMONTH(OvoTotal!$I$3+360,0),OvoTotal!$AW:$AW,Dados!$J1) -> 0 | K12: =SUMIFS(OvoTotal!T:T,OvoTotal!$I:$I,"<="&EOMONTH(OvoTotal!$I$3+360,0),OvoTotal!$AW:$AW,Dados!$K1) -> 0 | L12: =SUMIFS(OvoTotal!T:T,OvoTotal!$I:$I,"<="&EOMONTH(OvoTotal!$I$3+360,0),OvoTotal!$AW:$AW,Dados!$L1) -> 0 | M12: =SUMIFS(OvoTotal!T:T,OvoTotal!$I:$I,"<="&EOMONTH(OvoTotal!$I$3+360,0),OvoTotal!$AW:$AW,Dados!$M1) -> 0 | N12: =SUMIFS(OvoTotal!T:T,OvoTotal!$I:$I,"<="&EOMONTH(OvoTotal!$I$3+360,0),OvoTotal!$AW:$AW,Dados!$N1) -> 0 | O12: =SUMIFS(OvoTotal!T:T,OvoTotal!$I:$I,"<="&EOMONTH(OvoTotal!$I$3+360,0),OvoTotal!$AW:$AW,Dados!$O1) -> 0 | P12: =SUMIFS(OvoTotal!T:T,OvoTotal!$I:$I,"<="&EOMONTH(OvoTotal!$I$3+360,0),OvoTotal!$AW:$AW,Dados!$P1) -> 0 | Q12: =SUMIFS(OvoTotal!T:T,OvoTotal!$I:$I,"<="&EOMONTH(OvoTotal!$I$3+360,0),OvoTotal!$AW:$AW,Dados!$Q1) -> 0 | R12: =SUMIFS(OvoTotal!T:T,OvoTotal!$I:$I,"<="&EOMONTH(OvoTotal!$I$3+360,0),OvoTotal!$AW:$AW,Dados!$R1) -> 0 | S12: =SUMIFS(OvoTotal!T:T,OvoTotal!$I:$I,"<="&EOMONTH(OvoTotal!$I$3+360,0),OvoTotal!$AW:$AW,Dados!$S1) -> 0 | T12: =SUMIFS(OvoTotal!T:T,OvoTotal!$I:$I,"<="&EOMONTH(OvoTotal!$I$3+360,0),OvoTotal!$AW:$AW,Dados!$T1) -> 0 | U12: =SUMIFS(OvoTotal!T:T,OvoTotal!$I:$I,"<="&EOMONTH(OvoTotal!$I$3+360,0),OvoTotal!$AW:$AW,Dados!$U1) -> 21665.577 | V12: =SUMIFS(OvoTotal!T:T,OvoTotal!$I:$I,"<="&EOMONTH(OvoTotal!$I$3+360,0),OvoTotal!$AW:$AW,Dados!$V1) -> 107975.1 | W12: =SUMIFS(OvoTotal!T:T,OvoTotal!$I:$I,"<="&EOMONTH(OvoTotal!$I$3+360,0),OvoTotal!$AW:$AW,Dados!$W1) -> 157883.33 | X12: =SUMIFS(OvoTotal!T:T,OvoTotal!$I:$I,"<="&EOMONTH(OvoTotal!$I$3+360,0),OvoTotal!$AW:$AW,Dados!$X1) -> 365018.8 | Y12: =SUMIFS(OvoTotal!T:T,OvoTotal!$I:$I,"<="&EOMONTH(OvoTotal!$I$3+360,0),OvoTotal!$AW:$AW,Dados!$Y1) -> 514082.75 | Z12: =SUMIFS(OvoTotal!T:T,OvoTotal!$I:$I,"<="&EOMONTH(OvoTotal!$I$3+360,0),OvoTotal!$AW:$AW,Dados!$Z1) -> 577127.36 | AA12: =SUMIFS(OvoTotal!T:T,OvoTotal!$I:$I,"<="&EOMONTH(OvoTotal!$I$3+360,0),OvoTotal!$AW:$AW,Dados!$AA1) -> 611464.43 | AB12: =SUMIFS(OvoTotal!T:T,OvoTotal!$I:$I,"<="&EOMONTH(OvoTotal!$I$3+360,0),OvoTotal!$AW:$AW,Dados!$AB1) -> 603083.96 | AC12: =SUMIFS(OvoTotal!T:T,OvoTotal!$I:$I,"<="&EOMONTH(OvoTotal!$I$3+360,0),OvoTotal!$AW:$AW,Dados!$AC1) -> 594736.03 | AD12: =SUMIFS(OvoTotal!T:T,OvoTotal!$I:$I,"<="&EOMONTH(OvoTotal!$I$3+360,0),OvoTotal!$AW:$AW,Dados!$AD1) -> 586420.52 | AE12: =SUMIFS(OvoTotal!T:T,OvoTotal!$I:$I,"<="&EOMONTH(OvoTotal!$I$3+360,0),OvoTotal!$AW:$AW,Dados!$AE1) -> 578137.35 | AF12: =SUMIFS(OvoTotal!T:T,OvoTotal!$I:$I,"<="&EOMONTH(OvoTotal!$I$3+360,0),OvoTotal!$AW:$AW,Dados!$AF1) -> 569886.41 | AG12: =SUMIFS(OvoTotal!T:T,OvoTotal!$I:$I,"<="&EOMONTH(OvoTotal!$I$3+360,0),OvoTotal!$AW:$AW,Dados!$AG1) -> 561667.61 | AH12: =SUMIFS(OvoTotal!T:T,OvoTotal!$I:$I,"<="&EOMONTH(OvoTotal!$I$3+360,0),OvoTotal!$AW:$AW,Dados!$AH1) -> 553480.84 | AI12: =SUMIFS(OvoTotal!T:T,OvoTotal!$I:$I,"<="&EOMONTH(OvoTotal!$I$3+360,0),OvoTotal!$AW:$AW,Dados!$AI1) -> 545326 | AJ12: =SUMIFS(OvoTotal!T:T,OvoTotal!$I:$I,"<="&EOMONTH(OvoTotal!$I$3+360,0),OvoTotal!$AW:$AW,Dados!$AJ1) -> 537203.01 | AK12: =SUMIFS(OvoTotal!T:T,OvoTotal!$I:$I,"<="&EOMONTH(OvoTotal!$I$3+360,0),OvoTotal!$AW:$AW,Dados!$AK1) -> 529111.76 | AL12: =SUMIFS(OvoTotal!T:T,OvoTotal!$I:$I,"<="&EOMONTH(OvoTotal!$I$3+360,0),OvoTotal!$AW:$AW,Dados!$AL1) -> 521052.15 | AM12: =SUMIFS(OvoTotal!T:T,OvoTotal!$I:$I,"<="&EOMONTH(OvoTotal!$I$3+360,0),OvoTotal!$AW:$AW,Dados!$AM1) -> 513024.08 | AN12: =SUMIFS(OvoTotal!T:T,OvoTotal!$I:$I,"<="&EOMONTH(OvoTotal!$I$3+360,0),OvoTotal!$AW:$AW,Dados!$AN1) -> 505027.47 | AO12: =SUMIFS(OvoTotal!T:T,OvoTotal!$I:$I,"<="&EOMONTH(OvoTotal!$I$3+360,0),OvoTotal!$AW:$AW,Dados!$AO1) -> 497062.21 | AP12: =SUMIFS(OvoTotal!T:T,OvoTotal!$I:$I,"<="&EOMONTH(OvoTotal!$I$3+360,0),OvoTotal!$AW:$AW,Dados!$AP1) -> 489128.2 | AQ12: =SUMIFS(OvoTotal!T:T,OvoTotal!$I:$I,"<="&EOMONTH(OvoTotal!$I$3+360,0),OvoTotal!$AW:$AW,Dados!$AQ1) -> 481225.35 | AR12: =SUMIFS(OvoTotal!T:T,OvoTotal!$I:$I,"<="&EOMONTH(OvoTotal!$I$3+360,0),OvoTotal!$AW:$AW,Dados!$AR1) -> 473353.57 | AS12: =SUMIFS(OvoTotal!T:T,OvoTotal!$I:$I,"<="&EOMONTH(OvoTotal!$I$3+360,0),OvoTotal!$AW:$AW,Dados!$AS1) -> 465512.76 | AT12: =SUMIFS(OvoTotal!T:T,OvoTotal!$I:$I,"<="&EOMONTH(OvoTotal!$I$3+360,0),OvoTotal!$AW:$AW,Dados!$AT1) -> 457702.82 | AU12: =SUMIFS(OvoTotal!T:T,OvoTotal!$I:$I,"<="&EOMONTH(OvoTotal!$I$3+360,0),OvoTotal!$AW:$AW,Dados!$AU1) -> 449923.65 | AV12: =SUMIFS(OvoTotal!T:T,OvoTotal!$I:$I,"<="&EOMONTH(OvoTotal!$I$3+360,0),OvoTotal!$AW:$AW,Dados!$AV1) -> 442175.17 | AW12: =SUMIFS(OvoTotal!T:T,OvoTotal!$I:$I,"<="&EOMONTH(OvoTotal!$I$3+360,0),OvoTotal!$AW:$AW,Dados!$AW1) -> 434457.28 | AX12: =SUMIFS(OvoTotal!T:T,OvoTotal!$I:$I,"<="&EOMONTH(OvoTotal!$I$3+360,0),OvoTotal!$AW:$AW,Dados!$AX1) -> 426769.88 | AY12: =SUMIFS(OvoTotal!T:T,OvoTotal!$I:$I,"<="&EOMONTH(OvoTotal!$I$3+360,0),OvoTotal!$AW:$AW,Dados!$AY1) -> 419112.88 | AZ12: =SUMIFS(OvoTotal!T:T,OvoTotal!$I:$I,"<="&EOMONTH(OvoTotal!$I$3+360,0),OvoTotal!$AW:$AW,Dados!$AZ1) -> 411486.19 | BA12: =SUMIFS(OvoTotal!T:T,OvoTotal!$I:$I,"<="&EOMONTH(OvoTotal!$I$3+360,0),OvoTotal!$AW:$AW,Dados!$BA1) -> 403889.7 | BB12: =SUMIFS(OvoTotal!T:T,OvoTotal!$I:$I,"<="&EOMONTH(OvoTotal!$I$3+360,0),OvoTotal!$AW:$AW,Dados!$BB1) -> 396323.34 | BC12: =SUMIFS(OvoTotal!T:T,OvoTotal!$I:$I,"<="&EOMONTH(OvoTotal!$I$3+360,0),OvoTotal!$AW:$AW,Dados!$BC1) -> 388787 | BD12: =SUMIFS(OvoTotal!T:T,OvoTotal!$I:$I,"<="&EOMONTH(OvoTotal!$I$3+360,0),OvoTotal!$AW:$AW,Dados!$BD1) -> 0 | BF12: =SUMIFS(OvoTotal!T:T,OvoTotal!$I:$I,">="&BF1,OvoTotal!$I:$I,"<="&EOMONTH($BF1,0)) -> 0 | BG12: =SUMIFS(OvoTotal!T:T,OvoTotal!$I:$I,">="&BG1,OvoTotal!$I:$I,"<="&EOMONTH($BG1,0)) -> 0 | BH12: =SUMIFS(OvoTotal!T:T,OvoTotal!$I:$I,">="&BH1,OvoTotal!$I:$I,"<="&EOMONTH($BH1,0)) -> 0 | BI12: =SUMIFS(OvoTotal!T:T,OvoTotal!$I:$I,">="&BI1,OvoTotal!$I:$I,"<="&EOMONTH($BI1,0)) -> 0 | BJ12: =SUMIFS(OvoTotal!T:T,OvoTotal!$I:$I,">="&BJ1,OvoTotal!$I:$I,"<="&EOMONTH($BJ1,0)) -> 0 | BK12: =SUMIFS(OvoTotal!T:T,OvoTotal!$I:$I,">="&BK1,OvoTotal!$I:$I,"<="&EOMONTH($BK1,0)) -> 0 | BL12: =SUMIFS(OvoTotal!T:T,OvoTotal!$I:$I,">="&BL1,OvoTotal!$I:$I,"<="&EOMONTH($BL1,0)) -> 0 | BM12: =SUMIFS(OvoTotal!T:T,OvoTotal!$I:$I,">="&BM1,OvoTotal!$I:$I,"<="&EOMONTH($BM1,0)) -> 0 | BN12: =SUMIFS(OvoTotal!T:T,OvoTotal!$I:$I,">="&BN1,OvoTotal!$I:$I,"<="&EOMONTH($BN1,0)) -> 0 | BO12: =SUMIFS(OvoTotal!T:T,OvoTotal!$I:$I,">="&BO1,OvoTotal!$I:$I,"<="&EOMONTH($BO1,0)) -> 0 | BP12: =SUMIFS(OvoTotal!T:T,OvoTotal!$I:$I,">="&BP1,OvoTotal!$I:$I,"<="&EOMONTH($BP1,0)) -> 0 | BQ12: =SUMIFS(OvoTotal!T:T,OvoTotal!$I:$I,">="&BQ1,OvoTotal!$I:$I,"<="&EOMONTH($BQ1,0)) -> 0
